id,Age,Gender,Weight (kg),Height (m),Max_BPM,Avg_BPM,Resting_BPM,Session_Duration (hours),Calories_Burned,Fat_Percentage,Water_Intake (liters),Workout_Frequency (days/week),Experience_Level,BMI,Workout_Cardio,Workout_HIIT,Workout_Strength,Workout_Yoga,cluster
1,56,1,88.3,1.71,180,157,60,1.69,1313.0,12.6,3.5,4,3,30.2,0,0,0,1,0
2,46,0,74.9,1.53,179,151,66,1.3,883.0,33.9,2.1,4,2,32.0,0,1,0,0,2
3,32,0,68.1,1.66,167,122,54,1.11,677.0,33.4,2.3,4,2,24.71,1,0,0,0,2
4,25,1,53.2,1.7,190,164,56,0.59,532.0,28.8,2.1,3,1,18.41,0,0,1,0,1
5,38,1,46.1,1.79,188,158,68,0.64,556.0,29.2,2.8,3,1,14.39,0,0,1,0,1
6,56,0,58.0,1.68,168,156,74,1.59,1116.0,15.5,2.7,5,3,20.55,0,1,0,0,0
7,36,1,70.3,1.72,174,169,73,1.49,1385.0,21.3,2.3,3,2,23.76,1,0,0,0,2
8,40,0,69.7,1.51,189,141,64,1.27,895.0,30.6,1.9,3,2,30.57,1,0,0,0,2
9,28,1,121.7,1.94,185,127,52,1.03,719.0,28.9,2.6,4,2,32.34,0,0,1,0,3
10,28,1,101.8,1.84,169,136,64,1.08,808.0,29.7,2.7,3,1,30.07,1,0,0,0,3
11,41,1,120.8,1.67,188,146,54,0.82,593.0,20.5,3.0,2,1,43.31,0,1,0,0,3
12,53,1,51.7,1.7,175,152,72,1.15,865.0,23.6,3.5,3,2,17.89,0,1,0,0,2
13,57,1,112.5,1.61,195,165,61,1.24,1013.0,22.1,2.7,3,2,43.4,1,0,0,0,3
14,41,1,94.5,2.0,179,136,69,1.18,794.0,27.6,3.7,3,1,23.62,0,1,0,0,3
15,20,1,117.7,1.81,196,161,54,1.35,1195.0,26.4,3.3,3,2,35.93,0,0,0,1,3
16,39,0,42.5,1.75,181,131,52,1.13,740.0,26.2,2.1,2,1,13.88,0,0,1,0,1
17,19,0,64.0,1.53,166,167,58,1.33,1111.0,29.8,2.3,3,2,27.34,0,1,0,0,2
18,41,0,43.8,1.77,182,165,58,1.19,884.0,31.9,1.6,3,1,13.98,1,0,0,0,1
19,47,0,66.8,1.75,199,146,56,1.13,742.0,32.8,2.5,3,2,21.81,0,0,1,0,2
20,55,0,75.2,1.67,188,167,51,1.37,1030.0,25.2,2.2,2,1,26.96,0,1,0,0,1
21,19,1,89.0,1.77,175,127,72,1.5,1048.0,28.9,3.7,4,2,28.41,0,0,1,0,2
22,38,1,71.9,1.77,197,142,72,1.12,875.0,25.7,3.1,2,1,22.95,1,0,0,0,1
23,50,0,71.0,1.68,187,161,70,1.17,848.0,33.1,2.5,2,1,25.16,0,0,0,1,1
24,29,1,120.9,1.78,197,168,65,0.78,721.0,28.1,3.4,2,1,38.16,0,0,0,1,3
25,39,0,64.3,1.69,190,148,58,1.25,925.0,26.9,1.9,4,2,22.51,0,1,0,0,2
26,42,0,63.7,1.71,173,169,62,1.42,1080.0,26.1,1.8,3,2,21.78,0,0,0,1,2
27,44,1,65.2,1.8,192,139,68,0.73,502.0,27.2,2.7,2,1,20.12,0,1,0,0,1
28,59,1,53.9,1.75,168,135,69,1.48,989.0,21.6,2.8,4,2,17.6,0,0,1,0,2
29,45,1,84.9,1.86,186,136,66,1.64,1104.0,14.2,3.5,5,3,24.54,0,1,0,0,0
30,33,0,78.0,1.68,183,135,55,1.29,871.0,32.3,1.8,3,2,27.64,0,1,0,0,2
31,32,1,108.2,1.8,172,138,53,1.27,964.0,28.4,3.5,3,1,33.4,0,1,0,0,3
32,20,0,65.4,1.52,185,127,50,1.03,654.0,28.0,2.2,4,2,28.31,0,0,0,1,2
33,54,0,50.2,1.61,188,157,67,1.48,1046.0,28.2,2.7,2,1,19.37,0,1,0,0,1
34,24,0,58.9,1.51,187,157,68,1.04,816.0,31.7,2.5,2,1,25.83,1,0,0,0,1
35,38,1,81.4,1.71,187,148,58,1.52,1237.0,10.2,3.5,5,3,27.84,0,1,0,0,0
36,26,1,127.6,1.73,167,160,62,1.32,1162.0,27.3,2.9,3,1,42.63,0,0,1,0,3
37,56,0,59.3,1.56,182,155,57,1.26,879.0,33.4,2.6,4,2,24.37,1,0,0,0,2
38,35,1,96.9,1.71,188,145,72,1.34,1069.0,24.2,2.9,3,2,33.14,0,0,1,0,3
39,21,1,62.6,1.81,164,150,62,1.3,1072.0,27.6,3.5,4,2,19.11,0,0,1,0,2
40,42,1,45.5,1.6,166,163,64,1.31,1057.0,21.7,2.6,3,2,17.77,0,0,1,0,2
41,31,0,48.8,1.51,195,131,60,1.48,969.0,28.2,2.0,2,1,21.4,1,0,0,0,1
42,26,0,44.3,1.6,186,136,61,1.08,734.0,34.7,2.0,3,1,17.3,1,0,0,0,1
43,43,1,113.2,1.83,161,134,63,1.45,962.0,29.9,2.9,4,2,33.8,0,0,0,1,3
44,19,0,60.5,1.59,184,128,53,1.14,730.0,30.1,2.2,2,1,23.93,1,0,0,0,1
45,37,1,124.2,1.76,168,158,50,1.5,1304.0,29.3,2.8,2,1,40.1,0,1,0,0,3
46,45,1,52.4,1.85,186,161,73,1.2,956.0,25.2,2.5,3,1,15.31,0,0,1,0,1
47,24,1,54.7,1.74,160,167,53,0.84,772.0,22.9,3.6,3,1,18.07,0,0,0,1,1
48,25,1,88.1,1.95,182,131,68,1.41,1016.0,22.7,3.0,2,1,23.17,1,0,0,0,3
49,52,0,59.7,1.71,169,151,58,1.23,836.0,34.3,2.0,3,1,20.42,0,0,1,0,1
50,31,0,79.7,1.54,184,144,59,1.03,742.0,26.7,2.3,4,2,33.61,1,0,0,0,2
51,34,0,51.0,1.62,162,158,53,1.42,1122.0,30.8,2.4,3,2,19.43,0,0,0,1,2
52,53,1,84.2,1.76,165,137,69,1.67,1133.0,12.8,3.5,5,3,27.18,1,0,0,0,0
53,57,1,122.1,1.89,165,134,58,1.13,750.0,27.4,3.6,3,1,34.18,1,0,0,0,3
54,21,1,96.7,1.72,161,151,62,1.26,1046.0,25.0,2.8,3,1,32.69,0,0,1,0,3
55,19,0,73.0,1.79,177,125,61,0.81,506.0,27.7,1.6,3,1,22.78,0,1,0,0,1
56,23,1,114.8,1.6,182,163,60,1.47,1318.0,21.7,2.7,4,2,44.84,1,0,0,0,3
57,59,0,65.5,1.52,161,162,61,1.4,1021.0,31.2,2.1,3,2,28.35,0,0,0,1,2
58,21,0,50.3,1.52,171,154,67,1.08,832.0,32.2,2.6,3,1,21.77,1,0,0,0,1
59,46,0,61.0,1.71,181,153,61,1.67,1150.0,17.8,2.7,4,3,20.86,1,0,0,0,0
60,35,0,44.6,1.62,196,157,65,0.56,440.0,32.4,2.0,2,1,16.99,0,1,0,0,1
61,43,0,58.2,1.61,179,124,54,1.04,580.0,26.4,2.6,3,2,22.45,0,0,1,0,2
62,51,0,44.8,1.63,198,137,69,1.08,666.0,33.8,2.1,4,2,16.86,0,0,0,1,2
63,27,1,87.5,1.63,183,135,74,1.75,1299.0,12.9,3.5,5,3,32.93,0,0,1,0,0
64,53,1,51.8,1.74,179,127,61,1.23,773.0,21.3,3.7,3,2,17.11,0,0,1,0,2
65,31,0,64.4,1.7,160,144,70,1.97,1418.0,17.3,2.7,5,3,22.28,0,0,1,0,0
66,48,0,67.1,1.61,160,151,74,0.62,421.0,33.4,1.5,2,1,25.89,1,0,0,0,1
67,32,1,85.9,1.6,176,145,60,1.99,1587.0,14.5,3.5,5,3,33.55,0,1,0,0,0
68,25,0,65.4,1.77,160,141,58,0.89,627.0,27.6,2.6,3,1,20.88,1,0,0,0,1
69,31,0,61.1,1.76,189,150,67,1.81,1358.0,18.6,2.7,4,3,19.72,0,0,0,1,0
70,40,1,106.5,1.65,162,162,74,1.32,1176.0,21.0,3.6,4,2,39.12,0,1,0,0,3
71,57,0,64.0,1.52,170,129,52,1.73,1004.0,15.2,2.7,5,3,27.7,0,0,1,0,0
72,38,0,61.4,1.54,183,131,69,1.47,963.0,30.6,2.7,3,2,25.89,0,1,0,0,2
73,33,0,40.5,1.63,181,147,66,1.07,786.0,31.9,1.5,4,2,15.24,0,0,0,1,2
74,35,1,70.1,1.79,185,125,63,1.08,743.0,28.0,2.3,3,2,21.88,1,0,0,0,2
75,41,1,94.1,1.62,172,139,50,1.13,777.0,23.4,3.1,4,2,35.86,1,0,0,0,3
76,43,1,55.5,1.82,160,124,66,1.08,663.0,20.1,2.0,3,1,16.76,0,0,1,0,1
77,42,0,53.7,1.72,183,142,74,1.37,875.0,29.8,1.6,3,1,18.15,1,0,0,0,1
78,58,0,66.1,1.75,169,128,57,0.63,363.0,25.2,1.8,2,1,21.58,1,0,0,0,1
79,46,1,103.9,1.77,194,148,54,1.18,864.0,20.9,2.9,2,1,33.16,0,0,0,1,3
80,32,0,61.7,1.58,183,135,54,1.87,1262.0,16.6,2.7,5,3,24.72,0,1,0,0,0
81,18,0,52.3,1.74,187,165,58,1.2,990.0,29.4,2.2,2,1,17.27,1,0,0,0,1
82,42,0,59.5,1.74,195,141,52,1.78,1129.0,16.4,2.7,5,3,19.65,0,0,0,1,0
83,24,0,72.9,1.76,175,127,68,0.86,546.0,30.8,1.5,3,1,23.53,0,0,0,1,1
84,26,0,76.7,1.63,199,139,72,1.08,751.0,25.6,1.7,2,1,28.87,0,0,1,0,1
85,41,1,72.1,1.83,175,133,58,1.13,744.0,21.4,2.8,3,2,21.53,0,0,0,1,2
86,18,0,54.8,1.68,176,158,71,1.27,1003.0,32.0,2.2,4,2,19.42,0,0,1,0,2
87,25,1,105.0,1.88,174,156,67,1.34,1150.0,21.4,2.3,3,2,29.71,1,0,0,0,3
88,41,0,55.0,1.55,175,169,65,1.45,1103.0,31.4,2.0,4,2,22.89,0,0,1,0,2
89,28,1,81.6,1.66,174,153,50,1.09,917.0,20.5,3.5,4,2,29.61,0,0,0,1,2
90,34,0,75.6,1.6,193,130,51,0.64,416.0,29.1,2.7,2,1,29.53,0,1,0,0,1
91,25,1,81.5,1.61,170,159,63,1.93,1688.0,10.9,3.5,4,3,31.44,0,1,0,0,0
92,52,0,61.5,1.69,160,152,63,1.8,1231.0,15.5,2.7,4,3,21.53,1,0,0,0,0
93,52,1,74.0,1.63,174,150,50,1.26,936.0,25.7,3.7,3,2,27.85,1,0,0,0,2
94,50,0,56.4,1.59,185,163,74,1.26,924.0,34.3,2.6,3,1,22.31,0,1,0,0,1
95,22,1,102.6,1.84,163,153,65,1.25,1052.0,20.5,2.7,3,2,30.3,0,0,1,0,3
96,59,0,54.6,1.57,164,169,64,0.58,441.0,29.2,2.3,3,1,22.15,1,0,0,0,1
97,56,1,129.0,1.78,194,126,64,1.29,805.0,27.1,2.7,2,1,40.71,0,0,0,1,3
98,58,1,103.5,1.66,172,168,61,1.33,1106.0,24.6,3.1,3,1,37.56,1,0,0,0,3
99,45,0,59.4,1.51,169,142,65,1.15,735.0,33.1,1.9,4,2,26.05,0,0,1,0,2
100,24,0,60.1,1.79,170,165,63,1.97,1625.0,15.9,2.7,4,3,18.76,1,0,0,0,0
101,26,1,77.7,1.62,177,126,73,1.16,804.0,29.6,3.0,3,2,29.61,0,0,0,1,2
102,25,0,41.2,1.62,193,144,64,1.49,1073.0,28.9,2.1,4,2,15.7,0,0,0,1,2
103,29,1,58.6,1.61,198,122,72,1.2,805.0,23.4,2.0,3,2,22.61,0,0,0,1,2
104,51,1,109.3,1.78,182,157,64,0.54,420.0,28.7,3.3,3,1,34.5,0,0,1,0,3
105,50,1,69.6,1.96,166,139,68,0.97,667.0,25.6,2.0,3,1,18.12,0,0,1,0,1
106,40,0,56.2,1.79,198,153,57,1.79,1369.0,17.6,2.7,5,3,17.54,0,0,0,1,0
107,41,1,71.7,1.96,162,168,51,0.51,424.0,27.3,2.5,2,1,18.66,0,0,0,1,1
108,54,1,86.0,1.93,171,163,51,1.74,1404.0,12.9,3.5,5,3,23.09,0,0,1,0,0
109,52,0,79.4,1.59,166,163,59,1.39,1020.0,26.6,1.5,3,2,31.41,0,0,1,0,2
110,57,0,78.4,1.62,185,149,52,1.01,677.0,31.7,2.0,4,2,29.87,0,0,1,0,2
111,39,0,55.4,1.6,192,136,72,1.44,979.0,26.3,1.6,3,2,21.64,0,1,0,0,2
112,44,0,61.7,1.55,196,129,66,1.41,819.0,33.1,2.6,4,2,25.68,0,0,1,0,2
113,52,1,85.5,1.82,174,154,57,1.78,1357.0,14.9,3.5,4,3,25.81,0,0,0,1,0
114,18,1,87.6,1.93,161,139,72,1.72,1315.0,11.9,3.5,4,3,23.52,0,1,0,0,0
115,52,1,82.4,1.72,166,137,53,1.01,685.0,24.4,2.7,4,2,27.85,0,0,1,0,2
116,54,1,67.0,1.68,191,164,63,0.55,446.0,20.5,2.8,3,1,23.74,0,0,0,1,1
117,31,0,42.3,1.6,163,163,70,1.09,888.0,25.1,1.9,3,2,16.52,1,0,0,0,2
118,20,1,82.7,1.99,179,146,59,1.69,1357.0,14.6,3.5,5,3,20.88,0,1,0,0,0
119,18,1,92.4,1.74,195,168,50,1.41,1303.0,21.3,3.1,2,1,30.52,0,0,0,1,3
120,22,0,63.2,1.54,191,155,53,1.02,790.0,29.5,2.4,4,2,26.65,1,0,0,0,2
121,43,1,82.7,1.85,187,142,50,1.22,858.0,28.2,3.1,4,2,24.16,0,0,0,1,2
122,31,1,86.6,1.76,172,151,66,1.29,1071.0,28.9,3.3,3,2,27.96,0,0,1,0,2
123,56,1,129.5,1.95,160,129,66,1.0,639.0,25.2,3.5,2,1,34.06,0,0,1,0,3
124,44,1,98.0,1.83,194,130,56,1.28,824.0,25.7,3.5,4,2,29.26,1,0,0,0,3
125,26,1,86.2,1.68,189,157,72,1.97,1701.0,13.3,3.5,5,3,30.54,0,0,1,0,0
126,32,1,78.6,1.62,195,125,69,1.28,880.0,29.6,3.1,3,1,29.95,0,0,0,1,1
127,32,0,59.0,1.66,184,160,64,0.51,408.0,31.0,1.8,2,1,21.41,1,0,0,0,1
128,43,0,57.3,1.79,175,166,62,1.98,1479.0,17.8,2.7,4,3,17.88,0,0,0,1,0
129,59,1,122.3,1.89,178,153,51,0.66,500.0,20.1,3.1,3,1,34.24,0,0,0,1,3
130,30,1,85.3,1.95,160,155,68,1.61,1373.0,10.4,3.5,5,3,22.43,0,0,0,1,0
131,49,0,45.2,1.74,164,156,73,1.24,870.0,30.8,2.1,3,2,14.93,0,0,1,0,2
132,56,1,55.6,1.92,181,136,62,0.68,458.0,29.4,3.2,3,1,15.08,0,0,1,0,1
133,49,1,82.8,1.95,183,159,73,1.91,1503.0,14.3,3.5,5,3,21.78,0,0,0,1,0
134,21,1,125.2,1.66,196,159,60,1.38,1207.0,29.8,3.4,3,2,45.43,0,1,0,0,3
135,47,0,58.5,1.79,195,131,71,1.42,837.0,30.3,2.4,4,2,18.26,0,0,0,1,2
136,54,1,86.1,1.95,195,140,64,1.17,811.0,27.9,3.4,2,1,22.64,0,0,0,1,1
137,40,0,63.5,1.61,163,159,59,1.31,1041.0,33.4,1.6,3,2,24.5,1,0,0,0,2
138,56,1,69.3,1.68,195,138,58,0.66,451.0,26.5,2.1,2,1,24.55,0,0,0,1,1
139,32,0,70.5,1.62,177,122,58,1.24,756.0,28.4,1.8,2,1,26.86,0,0,1,0,1
140,46,0,60.1,1.65,175,137,69,1.69,1042.0,17.3,2.7,4,3,22.08,1,0,0,0,0
141,53,1,94.1,1.95,177,138,50,0.89,608.0,28.6,3.5,3,1,24.75,0,1,0,0,3
142,30,0,79.2,1.62,181,166,66,1.26,1046.0,28.0,2.5,4,2,30.18,1,0,0,0,2
143,49,1,115.3,1.91,161,125,61,1.38,854.0,29.2,3.2,2,1,31.61,0,1,0,0,3
144,24,0,62.9,1.79,180,135,59,1.42,958.0,27.3,2.3,4,2,19.63,1,0,0,0,2
145,39,1,62.0,1.64,195,127,54,0.97,678.0,27.5,3.2,3,1,23.05,1,0,0,0,1
146,45,1,88.5,1.78,198,167,67,1.53,1265.0,13.2,3.5,4,3,27.93,0,1,0,0,0
147,19,0,73.9,1.77,198,137,64,1.28,877.0,32.5,2.6,3,2,23.59,0,0,1,0,2
148,59,1,50.3,1.95,188,167,55,1.07,885.0,24.4,3.4,3,1,13.23,0,0,1,0,1
149,23,1,83.1,1.8,185,162,56,0.7,624.0,29.3,3.1,3,1,25.65,0,0,1,0,1
150,45,0,65.1,1.78,180,158,66,1.46,1038.0,31.3,2.3,3,1,20.55,1,0,0,0,1
151,45,1,46.6,1.79,176,168,55,1.46,1214.0,22.9,2.4,3,2,14.54,0,0,0,1,2
152,37,1,103.5,1.89,175,168,57,0.54,499.0,26.4,3.1,2,1,28.97,1,0,0,0,3
153,47,0,61.9,1.54,190,131,61,1.95,1150.0,16.4,2.7,4,3,26.1,0,0,0,1,0
154,28,0,52.0,1.61,168,164,70,1.32,1082.0,27.9,2.0,3,2,20.06,0,0,0,1,2
155,45,1,113.4,1.71,190,129,63,0.83,530.0,24.0,2.3,2,1,38.78,0,0,1,0,3
156,42,1,62.9,1.98,173,126,61,1.42,886.0,28.5,3.4,4,2,16.04,0,0,0,1,2
157,56,0,40.4,1.8,196,165,72,1.23,913.0,30.0,2.1,4,2,12.47,1,0,0,0,2
158,50,0,67.1,1.75,161,120,59,0.67,362.0,31.8,2.7,3,1,21.91,1,0,0,0,1
159,18,1,70.0,1.61,173,168,71,1.3,1201.0,23.9,2.5,2,1,27.01,0,0,1,0,1
160,44,0,69.5,1.75,192,155,69,1.02,711.0,27.6,2.1,3,1,22.69,0,1,0,0,1
161,30,1,107.9,1.66,194,140,64,1.08,832.0,29.5,2.8,3,2,39.16,1,0,0,0,3
162,58,1,109.0,1.91,198,156,56,1.49,1151.0,26.0,2.2,3,2,29.88,0,0,0,1,3
163,20,1,101.0,1.91,179,143,58,1.36,1070.0,29.3,2.7,3,2,27.69,1,0,0,0,3
164,56,1,88.5,1.85,161,144,59,1.57,1119.0,11.0,3.5,4,3,25.86,1,0,0,0,0
165,23,1,80.9,1.8,178,126,59,1.55,1074.0,10.7,3.5,4,3,24.97,1,0,0,0,0
166,25,0,43.1,1.62,196,161,65,1.04,837.0,33.6,1.8,4,2,16.42,0,1,0,0,2
167,44,0,59.1,1.52,177,136,56,1.58,967.0,18.4,2.7,5,3,25.58,0,0,0,1,0
168,26,0,54.0,1.53,175,148,54,1.14,844.0,26.9,1.7,3,1,23.07,0,0,1,0,1
169,54,0,72.3,1.78,163,149,72,1.27,852.0,27.7,1.8,2,1,22.82,1,0,0,0,1
170,50,1,51.1,1.98,171,126,52,0.92,574.0,28.0,2.4,2,1,13.03,0,0,0,1,1
171,59,1,89.4,1.72,188,152,67,1.08,813.0,24.5,3.2,3,1,30.22,0,0,0,1,3
172,41,1,51.5,1.8,166,126,60,1.09,680.0,26.7,2.1,4,2,15.9,0,0,1,0,2
173,32,1,87.9,1.88,173,143,64,1.52,1195.0,11.6,3.5,5,3,24.87,1,0,0,0,0
174,49,0,42.0,1.52,171,130,70,1.1,644.0,28.8,2.2,3,1,18.18,0,1,0,0,1
175,49,1,79.2,1.72,194,128,69,1.46,925.0,29.9,3.3,3,1,26.77,0,0,0,1,1
176,41,1,64.8,1.71,164,131,54,1.2,778.0,22.5,2.8,3,2,22.16,0,0,1,0,2
177,58,0,63.0,1.78,176,154,73,1.58,1095.0,17.5,2.7,4,3,19.88,0,1,0,0,0
178,29,0,56.2,1.77,191,123,61,0.68,418.0,33.4,2.6,3,1,17.94,0,0,0,1,1
179,56,0,52.9,1.64,169,155,53,1.1,767.0,27.4,2.3,3,2,19.67,1,0,0,0,2
180,19,0,49.0,1.69,176,147,64,1.05,772.0,29.2,2.4,3,1,17.16,0,0,0,1,1
181,20,1,128.2,1.84,164,132,58,0.83,603.0,26.2,2.3,3,1,37.87,0,1,0,0,3
182,54,1,83.6,1.86,168,142,56,1.54,1082.0,12.4,3.5,5,3,24.16,0,1,0,0,0
183,34,0,56.2,1.77,192,138,59,1.81,1249.0,17.3,2.7,5,3,17.94,1,0,0,0,0
184,19,1,87.8,1.78,195,161,72,1.28,1133.0,23.6,3.3,2,1,27.71,1,0,0,0,3
185,19,1,85.9,1.85,195,156,62,1.66,1424.0,12.9,3.5,4,3,25.1,0,0,1,0,0
186,45,1,51.1,1.87,177,158,57,1.44,1126.0,26.2,3.4,4,2,14.61,1,0,0,0,2
187,40,0,57.4,1.71,168,143,61,1.87,1337.0,18.3,2.7,5,3,19.63,0,0,1,0,0
188,54,1,114.9,1.92,188,135,71,1.2,802.0,20.7,2.6,4,2,31.17,0,1,0,0,3
189,49,0,62.1,1.66,173,152,73,1.37,937.0,31.3,1.8,3,2,22.54,0,1,0,0,2
190,50,1,57.1,1.91,184,131,68,1.09,707.0,29.5,2.7,4,2,15.65,0,0,0,1,2
191,18,1,68.1,1.8,174,153,50,1.1,926.0,25.4,3.3,4,2,21.02,0,0,0,1,2
192,36,1,69.2,1.65,165,126,65,1.23,852.0,27.2,2.7,3,1,25.42,0,0,1,0,1
193,19,0,65.2,1.52,188,130,71,1.23,800.0,30.6,2.4,3,1,28.22,1,0,0,0,1
194,43,1,108.6,1.73,174,150,66,1.33,988.0,28.5,2.2,2,1,36.29,1,0,0,0,3
195,49,0,40.0,1.65,188,148,74,1.03,686.0,34.3,2.5,3,2,14.69,0,0,0,1,2
196,23,0,41.9,1.58,163,132,67,0.56,370.0,26.8,1.8,3,1,16.78,0,1,0,0,1
197,49,0,68.3,1.52,177,150,60,1.45,979.0,29.4,1.8,4,2,29.56,0,0,1,0,2
198,21,1,88.4,1.6,198,121,67,1.71,1138.0,12.0,3.5,4,3,34.53,0,1,0,0,0
199,28,1,66.0,1.9,175,158,56,1.18,1025.0,24.1,3.0,3,1,18.28,0,1,0,0,1
200,34,1,71.9,1.64,170,134,67,1.26,929.0,21.3,2.1,4,2,26.73,1,0,0,0,2
201,55,1,75.6,1.71,173,130,57,1.03,663.0,28.1,2.0,4,2,25.85,0,0,1,0,2
202,41,0,63.4,1.59,162,153,55,1.84,1267.0,15.2,2.7,5,3,25.08,0,1,0,0,0
203,22,0,71.6,1.77,197,158,56,1.49,1177.0,30.3,1.8,3,1,22.85,0,0,0,1,1
204,51,0,57.4,1.77,177,123,72,1.08,598.0,31.6,2.1,4,2,18.32,0,0,0,1,2
205,23,1,83.8,1.99,179,130,71,1.79,1280.0,11.0,3.5,4,3,21.16,1,0,0,0,0
206,39,0,55.9,1.71,184,148,59,1.95,1443.0,19.5,2.7,5,3,19.12,0,0,0,1,0
207,28,1,87.0,1.76,197,121,60,1.2,799.0,28.4,3.5,3,2,28.09,0,0,0,1,3
208,33,0,65.3,1.71,172,135,74,1.18,796.0,29.7,2.5,4,2,22.33,0,1,0,0,2
209,50,1,45.4,1.67,163,158,62,1.37,1071.0,24.1,2.8,4,2,16.28,0,0,0,1,2
210,26,1,87.1,1.87,173,132,58,1.71,1241.0,11.2,3.5,4,3,24.91,0,0,0,1,0
211,23,0,78.6,1.73,192,156,56,1.47,1147.0,32.3,1.5,4,2,26.26,0,1,0,0,2
212,33,0,78.0,1.71,187,136,58,1.08,734.0,26.3,2.1,3,1,26.67,1,0,0,0,1
213,46,0,58.0,1.53,196,140,62,1.83,1153.0,18.4,2.7,4,3,24.78,1,0,0,0,0
214,20,0,71.3,1.69,167,163,52,1.28,1043.0,33.4,2.3,3,2,24.96,0,0,1,0,2
215,37,1,49.1,1.74,193,138,52,1.11,842.0,22.3,2.6,3,2,16.22,0,0,0,1,2
216,53,0,78.3,1.65,164,126,50,1.24,703.0,33.7,1.6,3,1,28.76,0,1,0,0,1
217,36,0,57.3,1.64,164,157,70,1.13,887.0,25.3,1.8,4,2,21.3,0,0,1,0,2
218,43,0,48.4,1.61,190,127,69,1.28,732.0,34.1,2.4,2,1,18.67,1,0,0,0,1
219,20,1,76.4,1.62,168,132,51,1.35,980.0,21.2,2.6,4,2,29.11,1,0,0,0,2
220,36,1,110.2,1.77,191,156,74,1.19,1021.0,26.5,3.4,2,1,35.18,0,1,0,0,3
221,37,0,72.9,1.76,192,121,52,1.21,732.0,27.5,1.9,3,2,23.53,0,0,1,0,2
222,49,1,82.1,1.86,162,160,64,1.87,1481.0,14.2,3.5,4,3,23.73,0,0,1,0,0
223,24,0,58.9,1.76,189,130,73,0.63,410.0,30.1,1.7,3,1,19.01,0,1,0,0,1
224,58,1,82.2,1.87,171,143,55,1.57,1111.0,10.7,3.5,4,3,23.51,0,1,0,0,0
225,50,1,96.7,1.72,188,125,62,1.46,903.0,25.7,2.7,3,2,32.69,0,0,1,0,3
226,57,1,81.4,1.86,162,145,70,1.8,1292.0,12.0,3.5,5,3,23.53,1,0,0,0,0
227,56,1,107.8,1.73,185,126,50,1.09,680.0,26.6,2.8,3,2,36.02,0,0,0,1,3
228,35,0,65.8,1.62,189,158,69,1.0,790.0,33.8,1.5,4,2,25.07,1,0,0,0,2
229,57,0,68.5,1.56,168,138,68,1.45,900.0,29.1,1.6,4,2,28.15,0,1,0,0,2
230,18,0,63.9,1.59,185,125,50,1.87,1169.0,16.4,2.7,4,3,25.28,0,0,1,0,0
231,28,1,76.3,1.62,161,162,70,1.16,1034.0,20.1,2.3,3,2,29.07,0,0,1,0,2
232,45,0,44.5,1.65,162,148,71,1.44,959.0,30.7,1.6,3,1,16.35,0,0,0,1,1
233,42,0,50.7,1.75,163,162,51,1.29,940.0,29.0,1.9,3,2,16.56,0,0,1,0,2
234,40,0,55.1,1.61,184,158,64,1.55,1224.0,16.9,2.7,4,3,21.26,0,0,0,1,0
235,48,1,73.7,1.61,172,121,63,1.36,815.0,21.8,3.6,4,2,28.43,1,0,0,0,2
236,47,1,55.6,1.77,198,138,68,1.2,820.0,24.3,2.9,4,2,17.75,1,0,0,0,2
237,59,1,86.9,1.76,194,123,60,1.13,688.0,29.8,3.1,3,2,28.05,0,0,1,0,2
238,52,0,60.3,1.68,182,125,64,1.6,900.0,16.5,2.7,4,3,21.36,0,0,1,0,0
239,24,0,40.4,1.64,168,168,55,0.99,832.0,31.0,1.9,2,1,15.02,0,1,0,0,1
240,33,0,78.5,1.66,161,156,69,1.29,1006.0,32.8,1.9,4,2,28.49,0,1,0,0,2
241,43,1,102.6,1.72,190,147,58,0.82,597.0,27.5,2.0,2,1,34.68,0,0,1,0,3
242,19,1,110.8,1.91,161,149,54,1.31,1074.0,23.3,2.9,2,1,30.37,0,0,1,0,3
243,18,0,60.9,1.79,191,126,69,1.11,699.0,31.1,2.1,2,1,19.01,1,0,0,0,1
244,29,1,55.7,1.61,177,128,51,1.41,993.0,28.7,2.3,3,1,21.49,0,0,1,0,1
245,22,1,110.5,1.92,172,144,55,1.16,919.0,20.2,3.3,3,2,29.98,0,1,0,0,3
246,54,1,55.2,1.71,164,152,67,0.77,579.0,24.4,2.8,2,1,18.88,1,0,0,0,1
247,49,1,46.5,1.72,169,120,72,1.4,832.0,22.2,2.6,4,2,15.72,0,0,0,1,2
248,26,0,70.9,1.66,184,125,68,0.81,506.0,28.9,1.7,3,1,25.73,0,1,0,0,1
249,58,1,74.6,1.75,193,137,58,1.09,739.0,24.2,2.9,2,1,24.36,0,1,0,0,1
250,52,1,45.1,1.72,196,129,70,0.93,594.0,27.5,3.3,2,1,15.24,1,0,0,0,1
251,36,1,99.9,1.99,189,147,73,1.33,1075.0,20.9,2.5,3,1,25.23,0,0,0,1,3
252,33,1,117.0,1.61,166,130,55,1.04,744.0,25.1,2.4,3,2,45.14,0,1,0,0,3
253,20,0,75.9,1.73,165,152,63,1.39,1056.0,30.6,2.1,4,2,25.36,0,0,1,0,2
254,37,0,71.2,1.64,162,120,73,1.11,666.0,29.9,1.7,3,2,26.47,0,1,0,0,2
255,41,1,78.8,1.72,172,132,62,1.01,660.0,27.3,3.1,4,2,26.64,1,0,0,0,2
256,50,1,50.6,1.69,162,156,60,1.31,1012.0,23.8,3.0,2,1,17.72,1,0,0,0,1
257,41,1,82.5,1.79,185,139,61,1.69,1163.0,14.7,3.5,4,3,25.75,1,0,0,0,0
258,28,1,108.5,1.79,183,120,68,1.33,878.0,24.8,2.1,4,2,33.86,0,1,0,0,3
259,25,1,49.9,1.98,165,122,68,1.15,772.0,25.7,2.1,3,2,12.73,0,0,0,1,2
260,53,1,125.1,1.91,171,137,70,0.52,353.0,28.3,3.1,2,1,34.29,0,0,1,0,3
261,55,0,79.7,1.66,195,160,68,1.06,763.0,27.8,1.9,2,1,28.92,1,0,0,0,1
262,57,1,126.8,1.63,161,133,73,0.96,632.0,20.8,2.1,2,1,47.72,0,0,0,1,3
263,37,0,54.6,1.57,170,150,62,1.31,982.0,32.1,2.4,3,1,22.15,0,0,1,0,1
264,52,0,47.8,1.54,198,146,63,1.34,880.0,29.8,1.9,3,2,20.16,1,0,0,0,2
265,42,1,97.9,1.91,193,136,73,1.01,680.0,29.0,2.8,3,2,26.84,0,0,1,0,3
266,52,0,63.1,1.54,185,165,67,1.36,1010.0,34.8,1.8,3,2,26.61,0,0,1,0,2
267,42,0,72.4,1.69,177,148,61,1.07,713.0,29.0,2.3,3,2,25.35,0,0,0,1,2
268,46,0,58.9,1.7,180,155,53,1.52,1060.0,17.1,2.7,4,3,20.38,0,0,1,0,0
269,35,0,50.4,1.6,195,156,59,1.03,803.0,29.1,1.9,4,2,19.69,1,0,0,0,2
270,35,0,64.2,1.59,199,145,66,1.63,1182.0,16.6,2.7,5,3,25.39,0,0,0,1,0
271,19,0,58.8,1.77,181,136,53,1.4,952.0,32.8,2.7,2,1,18.77,0,1,0,0,1
272,52,1,105.2,1.62,189,141,61,1.36,949.0,27.6,3.2,3,1,40.09,0,1,0,0,3
273,33,0,45.9,1.5,189,144,62,0.92,662.0,29.8,1.7,3,1,20.4,0,0,0,1,1
274,58,0,65.2,1.63,167,121,53,1.12,610.0,25.4,2.0,3,2,24.54,0,1,0,0,2
275,53,0,56.3,1.79,193,141,59,1.52,964.0,16.5,2.7,5,3,17.57,0,0,1,0,0
276,50,1,90.0,1.7,168,124,74,0.81,497.0,22.9,2.7,2,1,31.14,1,0,0,0,3
277,21,0,60.0,1.7,179,123,52,1.97,1212.0,19.1,2.7,5,3,20.76,0,0,1,0,0
278,50,1,51.5,1.71,199,155,64,1.48,1136.0,20.9,2.9,2,1,17.61,0,0,0,1,1
279,31,0,63.1,1.64,184,125,51,1.54,962.0,19.0,2.7,4,3,23.46,1,0,0,0,0
280,38,1,91.5,1.77,178,140,74,0.8,616.0,26.7,3.4,2,1,29.21,0,0,0,1,3
281,37,1,48.7,1.67,164,132,74,1.39,1009.0,27.3,3.0,2,1,17.46,0,0,0,1,1
282,25,0,57.8,1.56,170,156,66,1.35,1053.0,29.3,1.6,3,2,23.75,0,0,0,1,2
283,24,0,42.0,1.75,174,144,55,0.83,598.0,31.8,2.3,3,1,13.71,0,0,1,0,1
284,20,1,128.4,1.92,167,145,57,0.63,502.0,26.1,2.0,2,1,34.83,1,0,0,0,3
285,34,0,74.2,1.57,178,158,52,1.47,1161.0,32.7,2.4,3,1,30.1,1,0,0,0,1
286,50,1,89.6,1.68,182,139,74,1.79,1232.0,12.2,3.5,5,3,31.75,1,0,0,0,0
287,29,1,125.9,2.0,186,152,67,1.36,1137.0,24.7,3.1,4,2,31.48,0,0,1,0,3
288,39,1,105.5,1.99,199,133,71,0.81,593.0,26.4,2.5,2,1,26.64,0,1,0,0,3
289,39,1,93.4,1.7,191,155,50,1.1,938.0,21.1,2.5,4,2,32.32,0,0,1,0,3
290,47,1,82.1,1.84,185,136,65,1.37,922.0,24.4,3.4,4,2,24.25,0,0,1,0,2
291,55,0,42.9,1.69,186,140,56,0.9,567.0,34.7,2.4,2,1,15.02,0,0,0,1,1
292,55,1,128.4,1.68,178,165,52,1.13,923.0,20.4,2.6,4,2,45.49,1,0,0,0,3
293,25,1,112.4,1.96,188,135,72,1.42,1054.0,23.2,2.5,2,1,29.26,1,0,0,0,3
294,44,0,77.7,1.79,198,165,53,1.41,1047.0,28.1,2.2,3,1,24.25,0,1,0,0,1
295,44,1,89.3,1.99,192,135,58,1.4,936.0,26.3,2.0,4,2,22.55,0,1,0,0,2
296,51,0,70.3,1.55,178,139,54,1.4,876.0,26.1,1.6,3,1,29.26,0,0,0,1,1
297,38,0,59.1,1.72,196,148,68,1.07,792.0,31.3,1.7,3,2,19.98,1,0,0,0,2
298,47,0,49.9,1.69,178,147,64,1.48,979.0,26.0,1.7,3,2,17.47,0,1,0,0,2
299,50,1,101.7,1.67,192,127,57,0.53,333.0,20.9,2.9,2,1,36.47,0,1,0,0,3
300,45,1,93.0,1.91,175,143,55,1.03,729.0,27.3,3.7,3,2,25.49,1,0,0,0,3
301,50,1,87.4,1.6,182,122,67,0.77,465.0,23.2,3.1,2,1,34.14,0,0,1,0,3
302,22,0,55.1,1.61,166,144,68,1.62,1166.0,19.9,2.7,4,3,21.26,0,1,0,0,0
303,36,1,123.7,1.69,185,138,73,1.3,987.0,20.4,2.1,4,2,43.31,1,0,0,0,3
304,21,0,61.3,1.57,191,152,64,1.94,1474.0,17.2,2.7,4,3,24.87,0,1,0,0,0
305,52,1,72.3,1.94,171,121,56,1.46,874.0,21.1,2.9,3,2,19.21,0,0,0,1,2
306,34,0,69.2,1.53,167,134,59,1.36,911.0,28.5,2.1,2,1,29.56,0,1,0,0,1
307,45,1,81.4,1.61,164,141,55,1.14,796.0,30.0,2.2,4,2,31.4,1,0,0,0,2
308,47,1,84.8,1.86,187,129,63,1.85,1181.0,14.4,3.5,5,3,24.51,0,1,0,0,0
309,46,1,55.1,1.72,164,137,66,1.43,970.0,20.5,3.6,3,2,18.62,0,0,0,1,2
310,23,0,59.0,1.78,185,141,58,1.67,1177.0,17.8,2.7,5,3,18.62,0,0,0,1,0
311,52,0,64.9,1.51,164,165,68,1.83,1359.0,18.2,2.7,4,3,28.46,0,1,0,0,0
312,58,1,109.7,1.75,181,168,54,1.01,840.0,22.1,2.7,2,1,35.82,0,1,0,0,3
313,54,1,78.4,1.9,174,146,72,0.81,585.0,21.5,3.7,2,1,21.72,0,0,0,1,1
314,41,0,76.7,1.79,172,132,56,1.4,832.0,34.0,2.0,4,2,23.94,0,0,0,1,2
315,46,0,63.1,1.61,187,152,68,1.0,684.0,34.7,2.2,4,2,24.34,0,0,1,0,2
316,48,0,62.9,1.58,192,124,69,1.98,1105.0,20.0,2.7,4,3,25.2,0,0,1,0,0
317,52,1,85.6,1.74,182,145,56,1.84,1321.0,13.9,3.5,4,3,28.27,0,0,0,1,0
318,50,0,66.3,1.57,192,132,73,1.25,742.0,31.6,1.6,2,1,26.9,0,1,0,0,1
319,38,1,61.3,1.97,177,146,51,1.37,1100.0,23.5,2.8,3,1,15.8,1,0,0,0,1
320,49,0,44.1,1.65,189,133,74,1.16,694.0,26.7,1.8,4,2,16.2,0,1,0,0,2
321,40,1,63.8,1.62,185,143,72,1.3,1022.0,20.8,3.4,2,1,24.31,0,1,0,0,1
322,50,0,55.4,1.55,175,122,65,1.85,1016.0,18.5,2.7,4,3,23.06,0,0,1,0,0
323,20,0,74.7,1.58,172,166,62,1.04,863.0,32.8,2.4,3,2,29.92,0,0,1,0,2
324,35,0,78.0,1.67,198,168,57,1.13,949.0,33.3,2.5,4,2,27.97,0,0,1,0,2
325,42,0,57.5,1.67,192,149,55,1.14,764.0,34.1,2.4,2,1,20.62,0,0,0,1,1
326,59,0,60.7,1.73,185,154,55,1.03,714.0,33.8,2.5,3,2,20.28,0,0,0,1,2
327,48,1,69.0,1.74,160,167,58,1.48,1223.0,30.0,2.3,3,2,22.79,0,1,0,0,2
328,20,0,75.8,1.78,197,133,53,1.42,944.0,27.4,2.0,4,2,23.92,0,1,0,0,2
329,57,0,75.7,1.63,161,131,60,0.69,407.0,32.6,2.3,3,1,28.49,1,0,0,0,1
330,41,0,71.2,1.64,165,147,54,1.42,939.0,30.9,2.3,3,2,26.47,0,1,0,0,2
331,49,1,85.0,1.68,197,163,74,1.82,1468.0,11.3,3.5,4,3,30.12,0,1,0,0,0
332,39,0,63.6,1.56,183,148,66,1.22,903.0,34.8,2.4,2,1,26.13,0,0,1,0,1
333,40,1,73.2,1.94,177,162,69,0.81,722.0,29.0,2.4,2,1,19.45,0,0,1,0,1
334,19,0,48.3,1.52,186,136,56,0.96,653.0,26.3,1.6,2,1,20.91,0,0,1,0,1
335,44,0,42.8,1.78,167,159,64,1.49,1066.0,25.3,2.6,3,2,13.51,0,0,1,0,2
336,59,1,88.1,1.76,187,168,74,1.35,1123.0,26.9,3.0,3,2,28.44,0,0,1,0,3
337,19,0,72.4,1.75,169,140,64,1.2,840.0,31.0,1.7,4,2,23.64,1,0,0,0,2
338,43,1,73.2,1.88,176,142,63,1.17,822.0,29.4,3.3,3,1,20.71,1,0,0,0,1
339,34,1,110.5,1.86,188,139,62,1.42,1086.0,22.3,3.6,2,1,31.94,1,0,0,0,3
340,57,0,46.1,1.76,165,130,60,1.44,842.0,25.8,1.7,3,2,14.88,0,0,1,0,2
341,50,1,90.8,1.71,173,153,62,1.07,810.0,22.6,3.4,4,2,31.05,0,0,0,1,3
342,26,0,59.3,1.51,181,129,71,1.7,1096.0,15.1,2.7,5,3,26.01,0,0,1,0,0
343,56,0,45.1,1.73,165,129,73,0.83,482.0,25.4,2.6,3,1,15.07,0,0,1,0,1
344,46,1,45.0,1.77,185,162,58,1.48,1187.0,29.1,3.6,3,2,14.36,1,0,0,0,2
345,59,1,89.4,1.62,198,125,59,1.43,885.0,23.5,3.6,3,2,34.06,0,0,1,0,3
346,43,1,127.7,1.69,171,155,53,1.14,875.0,24.1,2.9,3,2,44.71,1,0,0,0,3
347,52,1,70.9,1.72,194,143,66,1.31,927.0,20.2,2.6,3,2,23.97,0,0,1,0,2
348,42,0,49.2,1.5,173,131,63,1.15,678.0,27.7,1.5,3,2,21.87,0,1,0,0,2
349,41,0,62.3,1.79,181,162,73,1.99,1451.0,19.0,2.7,5,3,19.44,0,0,0,1,0
350,30,1,64.1,1.87,182,142,67,0.64,500.0,26.2,2.1,2,1,18.33,0,0,0,1,1
351,24,0,69.7,1.75,166,146,60,1.41,1029.0,32.5,2.0,3,1,22.76,1,0,0,0,1
352,53,0,56.9,1.59,199,164,65,1.49,1100.0,29.5,2.0,3,2,22.51,0,1,0,0,2
353,37,0,53.0,1.71,184,156,50,1.13,881.0,28.1,1.7,4,2,18.13,0,0,0,1,2
354,18,0,72.7,1.55,172,125,56,0.84,525.0,29.8,2.0,3,1,30.26,1,0,0,0,1
355,25,1,76.5,1.96,180,120,59,0.67,442.0,23.2,2.3,3,1,19.91,0,0,1,0,1
356,33,1,113.6,1.99,169,125,58,1.38,949.0,28.4,3.4,2,1,28.69,0,0,1,0,3
357,31,0,62.5,1.62,168,169,74,1.56,1318.0,16.5,2.7,4,3,23.81,0,1,0,0,0
358,29,1,95.2,1.86,174,141,52,0.64,496.0,26.6,2.5,2,1,27.52,0,0,0,1,3
359,40,1,51.7,1.82,161,160,71,0.9,792.0,21.4,3.0,3,1,15.61,0,0,1,0,1
360,32,1,105.3,1.67,184,143,72,0.57,448.0,26.9,2.9,3,1,37.76,1,0,0,0,3
361,45,0,71.2,1.68,172,144,63,1.37,888.0,34.1,1.6,3,1,25.23,0,0,1,0,1
362,51,0,78.1,1.51,193,134,74,0.92,555.0,31.1,2.6,3,1,34.25,0,0,1,0,1
363,19,0,50.6,1.68,193,145,64,1.21,877.0,30.6,2.1,3,2,17.93,0,0,0,1,2
364,49,1,70.2,1.89,194,127,51,0.7,440.0,29.6,2.6,3,1,19.65,0,0,0,1,1
365,40,0,62.6,1.53,197,143,73,1.93,1380.0,18.1,2.7,5,3,26.74,1,0,0,0,0
366,39,0,60.6,1.65,162,167,63,0.92,768.0,27.6,1.7,3,1,22.26,0,1,0,0,1
367,42,1,76.4,1.97,165,157,65,1.14,886.0,22.9,2.6,3,2,19.69,0,1,0,0,2
368,39,0,63.3,1.71,178,125,56,1.88,1175.0,18.5,2.7,4,3,21.65,0,0,1,0,0
369,39,0,68.6,1.64,162,154,53,1.33,1024.0,32.4,1.5,3,2,25.51,1,0,0,0,2
370,59,1,123.3,1.88,177,161,67,1.3,1036.0,23.0,2.6,4,2,34.89,0,1,0,0,3
371,23,1,107.0,1.94,198,120,73,1.35,891.0,23.5,2.9,2,1,28.43,0,1,0,0,3
372,32,1,68.3,1.92,168,165,54,1.42,1289.0,29.9,3.5,2,1,18.53,0,0,1,0,1
373,54,0,47.8,1.6,171,155,55,1.19,830.0,26.0,2.3,4,2,18.67,1,0,0,0,2
374,50,0,58.4,1.79,164,131,56,1.6,943.0,17.0,2.7,4,3,18.23,0,1,0,0,0
375,25,0,74.3,1.71,162,157,64,1.43,1123.0,25.6,1.6,3,2,25.41,0,0,0,1,2
376,22,1,106.8,1.82,170,130,50,1.0,715.0,28.2,2.3,4,2,32.24,0,0,0,1,3
377,56,1,125.5,1.8,189,131,73,1.26,817.0,20.9,2.7,4,2,38.73,0,0,1,0,3
378,21,0,55.2,1.55,163,161,53,1.37,1103.0,31.7,1.7,4,2,22.98,0,0,1,0,2
379,23,0,71.4,1.72,164,169,74,1.25,1056.0,25.6,1.5,2,1,24.13,0,0,1,0,1
380,49,1,77.7,1.61,160,158,50,1.03,806.0,26.7,3.4,3,2,29.98,0,0,1,0,2
381,47,1,88.4,1.6,186,126,60,1.86,1160.0,14.2,3.5,5,3,34.53,0,1,0,0,0
382,52,1,104.8,1.99,187,130,67,0.93,598.0,24.0,2.0,2,1,26.46,1,0,0,0,3
383,57,1,82.2,1.69,188,155,63,1.15,882.0,25.2,3.4,4,2,28.78,0,0,1,0,2
384,33,0,68.2,1.75,177,150,71,0.85,638.0,29.0,1.7,2,1,22.27,0,0,1,0,1
385,30,1,91.4,1.99,171,152,60,1.37,1145.0,23.0,3.7,3,2,23.08,0,1,0,0,3
386,59,0,42.1,1.65,172,132,59,1.22,725.0,33.0,2.2,2,1,15.46,0,0,1,0,1
387,47,0,68.7,1.76,161,137,66,1.37,845.0,27.7,2.4,3,2,22.18,0,0,1,0,2
388,36,0,47.2,1.74,196,160,53,1.5,1200.0,32.2,1.6,4,2,15.59,1,0,0,0,2
389,34,1,92.0,1.76,175,143,73,0.73,574.0,22.1,3.5,3,1,29.7,0,0,0,1,3
390,36,1,56.2,1.95,183,128,64,1.09,767.0,22.5,3.4,4,2,14.78,0,0,1,0,2
391,45,1,58.4,1.72,194,150,65,1.31,973.0,23.4,3.1,4,2,19.74,0,1,0,0,2
392,43,1,82.9,1.95,181,160,70,1.9,1505.0,12.9,3.5,5,3,21.8,1,0,0,0,0
393,54,0,66.9,1.74,195,129,62,1.24,720.0,29.5,2.1,2,1,22.1,0,1,0,0,1
394,43,1,66.3,1.85,170,121,58,1.18,707.0,27.5,3.2,2,1,19.37,1,0,0,0,1
395,40,1,93.6,1.93,188,157,60,1.38,1192.0,22.1,2.0,3,1,25.13,1,0,0,0,3
396,26,0,64.1,1.5,194,134,60,1.93,1293.0,15.1,2.7,5,3,28.49,0,0,1,0,0
397,29,1,86.7,1.62,174,122,55,1.52,1020.0,13.9,3.5,4,3,33.04,0,0,1,0,0
398,18,0,62.0,1.59,190,162,50,1.23,996.0,33.2,2.2,4,2,24.52,0,0,1,0,2
399,18,0,58.1,1.61,175,150,71,1.9,1425.0,15.3,2.7,4,3,22.41,0,0,0,1,0
400,51,0,64.9,1.6,169,125,55,1.49,838.0,31.1,2.5,4,2,25.35,0,0,0,1,2
401,49,0,69.3,1.62,191,122,62,1.14,626.0,28.8,1.9,4,2,26.41,0,1,0,0,2
402,42,0,42.7,1.74,161,130,71,1.04,608.0,32.9,1.6,3,1,14.1,0,0,1,0,1
403,57,0,51.4,1.63,183,134,73,1.2,724.0,33.7,2.0,4,2,19.35,0,0,0,1,2
404,18,0,67.4,1.6,182,164,71,0.6,492.0,33.5,2.4,3,1,26.33,0,0,1,0,1
405,33,0,55.6,1.61,161,147,54,1.77,1301.0,18.9,2.7,4,3,21.45,0,0,0,1,0
406,56,1,125.3,1.86,197,129,64,1.0,639.0,22.7,2.2,3,2,36.22,0,0,0,1,3
407,22,1,102.1,1.85,190,157,67,1.48,1278.0,28.1,2.4,4,2,29.83,1,0,0,0,3
408,39,1,61.9,1.77,199,166,69,1.32,1205.0,25.3,2.3,3,1,19.76,0,0,1,0,1
409,46,1,108.8,1.64,185,169,63,1.4,1171.0,20.5,3.4,3,1,40.45,0,0,1,0,3
410,20,0,51.1,1.58,188,169,64,0.5,422.0,29.6,1.6,2,1,20.47,0,0,0,1,1
411,29,1,81.7,1.99,162,126,54,1.45,1005.0,29.4,3.2,2,1,20.63,0,0,1,0,1
412,43,0,42.7,1.66,173,134,53,0.73,440.0,33.9,1.9,2,1,15.5,0,0,0,1,1
413,33,1,81.8,1.99,184,137,51,1.59,1198.0,10.5,3.5,4,3,20.66,0,0,1,0,0
414,54,1,54.6,1.76,160,137,56,1.28,868.0,27.4,3.3,4,2,17.63,1,0,0,0,2
415,39,1,107.7,1.88,162,160,59,0.72,634.0,28.1,3.6,2,1,30.47,0,0,1,0,3
416,46,0,56.9,1.6,185,143,65,0.88,566.0,27.7,1.6,3,1,22.23,1,0,0,0,1
417,31,1,78.8,1.71,177,121,59,1.49,992.0,24.7,2.5,4,2,26.95,0,1,0,0,2
418,45,0,48.2,1.64,168,159,67,1.25,894.0,32.1,2.5,4,2,17.92,0,0,1,0,2
419,22,0,50.7,1.59,197,139,66,1.27,883.0,29.4,1.8,3,2,20.05,0,0,1,0,2
420,47,1,86.6,1.99,182,153,70,1.98,1500.0,10.6,3.5,4,3,21.87,0,0,1,0,0
421,22,1,96.3,1.63,180,162,62,1.35,1203.0,27.1,2.4,4,2,36.25,1,0,0,0,3
422,29,1,80.8,1.98,160,145,50,1.65,1316.0,14.6,3.5,5,3,20.61,0,0,1,0,0
423,33,0,58.0,1.53,180,126,50,1.84,1159.0,18.3,2.7,5,3,24.78,0,0,1,0,0
424,43,1,95.9,1.85,186,157,64,1.28,995.0,27.7,3.4,2,1,28.02,0,0,0,1,3
425,43,0,61.5,1.58,165,149,50,1.86,1247.0,16.8,2.7,5,3,24.64,0,1,0,0,0
426,38,0,40.6,1.79,195,161,55,0.62,499.0,26.8,2.7,2,1,12.67,1,0,0,0,1
427,56,1,82.5,1.87,187,124,74,1.51,927.0,13.2,3.5,5,3,23.59,0,0,0,1,0
428,53,1,105.1,1.84,176,130,62,0.69,444.0,23.3,2.9,3,1,31.04,1,0,0,0,3
429,50,0,58.1,1.58,199,120,50,1.93,1042.0,19.3,2.7,5,3,23.27,0,0,0,1,0
430,47,0,61.0,1.76,162,153,54,1.54,1060.0,15.6,2.7,5,3,19.69,0,1,0,0,0
431,54,0,64.5,1.53,171,120,58,1.74,940.0,17.2,2.7,4,3,27.55,0,0,0,1,0
432,40,1,58.2,1.98,198,138,74,1.43,1085.0,24.0,2.5,3,2,14.85,1,0,0,0,2
433,27,0,69.5,1.76,171,121,66,0.94,569.0,34.4,2.0,3,1,22.44,0,0,1,0,1
434,22,1,62.2,1.84,161,140,65,0.51,393.0,21.5,2.3,3,1,18.37,0,0,1,0,1
435,53,0,68.0,1.7,181,139,57,1.06,663.0,25.1,2.4,4,2,23.53,0,1,0,0,2
436,51,0,56.3,1.5,182,142,66,1.43,914.0,27.4,2.4,3,1,25.02,1,0,0,0,1
437,48,1,94.5,1.7,189,140,64,1.01,700.0,28.2,3.5,3,2,32.7,1,0,0,0,3
438,27,0,58.0,1.79,164,143,73,1.39,994.0,27.1,1.5,2,1,18.1,1,0,0,0,1
439,36,1,84.0,1.94,168,123,50,1.8,1218.0,11.2,3.5,5,3,22.32,0,1,0,0,0
440,49,1,61.0,1.87,180,131,61,1.14,739.0,21.3,3.0,4,2,17.44,0,0,1,0,2
441,18,0,64.8,1.53,170,141,54,1.98,1396.0,18.6,2.7,5,3,27.68,0,0,0,1,0
442,22,1,45.7,1.77,164,139,73,1.04,795.0,20.7,2.4,3,1,14.59,0,1,0,0,1
443,21,1,80.9,1.9,194,137,55,1.8,1356.0,11.7,3.5,4,3,22.41,0,0,0,1,0
444,33,0,64.1,1.63,186,120,74,1.58,948.0,16.4,2.7,5,3,24.13,0,0,1,0,0
445,41,1,67.0,1.77,161,149,50,1.22,900.0,25.6,2.6,3,2,21.39,0,1,0,0,2
446,33,1,106.5,1.6,183,152,74,1.4,1170.0,27.3,3.3,4,2,41.6,0,0,1,0,3
447,19,1,95.1,1.85,190,143,50,1.21,952.0,25.3,2.3,4,2,27.79,0,0,0,1,3
448,45,0,65.5,1.57,192,133,59,0.66,395.0,34.3,2.3,2,1,26.57,1,0,0,0,1
449,49,1,105.7,1.64,198,155,59,1.2,921.0,29.5,3.1,3,2,39.3,1,0,0,0,3
450,44,0,48.0,1.76,189,124,52,0.88,491.0,28.6,2.6,2,1,15.5,0,0,0,1,1
451,37,0,69.5,1.5,196,130,66,0.69,448.0,32.8,2.4,2,1,30.89,1,0,0,0,1
452,41,1,66.1,1.69,187,143,68,0.77,545.0,27.4,3.4,2,1,23.14,0,0,0,1,1
453,29,1,68.0,1.7,190,150,60,0.76,627.0,28.9,2.9,2,1,23.53,0,1,0,0,1
454,52,1,50.3,1.78,170,132,67,0.85,555.0,24.5,2.3,2,1,15.88,0,1,0,0,1
455,50,0,69.3,1.68,182,135,51,1.2,729.0,30.3,2.0,2,1,24.55,0,1,0,0,1
456,50,1,86.7,1.63,161,143,58,1.7,1203.0,12.1,3.5,4,3,32.63,1,0,0,0,0
457,54,1,125.9,1.94,199,132,73,1.35,882.0,28.5,2.9,3,2,33.45,0,0,1,0,3
458,29,1,88.1,1.93,186,143,66,1.88,1479.0,11.1,3.5,5,3,23.65,1,0,0,0,0
459,20,1,124.3,1.82,194,145,63,1.25,997.0,22.4,3.2,3,2,37.53,1,0,0,0,3
460,18,1,62.0,1.85,161,121,53,0.88,586.0,23.7,3.0,3,1,18.12,0,0,1,0,1
461,50,0,69.7,1.72,198,135,66,1.24,753.0,27.3,2.0,4,2,23.56,0,0,1,0,2
462,57,0,60.9,1.52,196,157,66,1.31,926.0,30.6,1.8,3,2,26.36,0,0,1,0,2
463,27,1,76.5,1.97,180,165,61,1.13,1025.0,21.3,2.3,2,1,19.71,0,0,1,0,1
464,46,1,94.7,1.82,164,120,69,1.47,873.0,23.2,3.2,3,2,28.59,1,0,0,0,3
465,30,1,67.9,1.75,180,168,67,1.25,1155.0,29.1,3.1,2,1,22.17,0,0,0,1,1
466,29,1,121.1,1.87,188,130,52,1.31,937.0,24.1,3.2,4,2,34.63,0,1,0,0,3
467,48,0,71.5,1.64,179,154,60,1.46,1012.0,32.5,1.9,4,2,26.58,0,0,0,1,2
468,19,1,98.6,1.7,197,162,74,0.83,740.0,21.1,2.4,2,1,34.12,1,0,0,0,3
469,52,0,68.2,1.63,179,148,67,1.17,779.0,27.5,2.4,3,1,25.67,0,0,1,0,1
470,40,0,57.7,1.69,184,156,53,1.18,920.0,33.1,2.4,4,2,20.2,0,1,0,0,2
471,34,1,124.6,1.63,161,136,66,1.41,1055.0,27.6,2.8,3,2,46.9,0,1,0,0,3
472,43,0,73.0,1.59,191,158,67,1.31,931.0,28.9,2.2,3,1,28.88,0,0,0,1,1
473,25,0,59.4,1.51,185,161,54,1.62,1304.0,19.8,2.7,5,3,26.05,1,0,0,0,0
474,46,0,52.0,1.65,165,147,63,0.7,463.0,34.1,1.9,2,1,19.1,1,0,0,0,1
475,43,0,42.2,1.65,162,148,59,1.33,886.0,34.6,2.3,3,2,15.5,1,0,0,0,2
476,27,1,89.3,1.64,192,162,64,1.82,1622.0,12.1,3.5,4,3,33.2,0,1,0,0,0
477,43,1,110.0,1.76,160,122,50,1.09,658.0,22.0,3.4,3,1,35.51,0,0,0,1,3
478,51,0,66.2,1.58,164,129,65,0.86,499.0,31.3,2.3,3,1,26.52,0,1,0,0,1
479,58,1,58.6,1.66,172,161,60,1.21,964.0,26.8,2.9,2,1,21.27,0,1,0,0,1
480,24,1,51.0,1.67,178,133,72,0.97,710.0,21.3,2.8,3,1,18.29,0,0,1,0,1
481,21,1,101.5,1.95,171,131,69,0.97,699.0,27.9,3.1,3,1,26.69,0,0,0,1,3
482,28,1,114.2,1.87,184,166,55,1.05,959.0,20.2,3.2,3,2,32.66,0,0,1,0,3
483,46,1,54.4,1.72,194,161,73,0.91,725.0,24.8,2.9,2,1,18.39,1,0,0,0,1
484,53,0,52.4,1.57,171,149,71,1.34,898.0,28.3,2.2,3,2,21.26,0,1,0,0,2
485,42,1,85.2,1.81,189,151,65,1.54,1151.0,13.7,3.5,5,3,26.01,0,0,0,1,0
486,38,1,83.6,1.74,164,151,51,1.66,1379.0,11.6,3.5,5,3,27.61,1,0,0,0,0
487,53,1,115.4,1.92,193,161,50,1.36,1084.0,28.3,2.2,4,2,31.3,0,0,0,1,3
488,27,1,71.2,1.97,181,151,73,0.74,615.0,25.9,3.6,3,1,18.35,0,1,0,0,1
489,54,0,78.1,1.6,198,145,73,1.1,718.0,32.9,2.4,4,2,30.51,0,0,0,1,2
490,26,0,54.2,1.65,172,120,58,1.07,642.0,34.9,1.9,4,2,19.91,1,0,0,0,2
491,41,0,77.6,1.76,162,161,71,1.27,920.0,31.8,2.2,4,2,25.05,0,0,1,0,2
492,52,0,44.1,1.62,179,121,61,1.41,768.0,34.8,1.6,3,1,16.8,0,1,0,0,1
493,52,1,85.5,1.8,190,136,66,1.7,1144.0,10.1,3.5,5,3,26.39,0,0,1,0,0
494,53,0,47.8,1.76,164,149,74,1.06,711.0,28.4,1.5,4,2,15.43,0,1,0,0,2
495,35,1,102.5,1.94,183,158,64,0.84,730.0,21.1,2.4,2,1,27.23,1,0,0,0,3
496,56,1,118.0,1.9,199,126,68,0.66,412.0,22.6,3.2,2,1,32.69,0,1,0,0,3
497,49,1,82.3,1.84,192,146,71,1.29,932.0,28.4,3.4,4,2,24.31,0,0,1,0,2
498,41,1,81.6,1.87,167,128,59,1.87,1185.0,10.2,3.5,5,3,23.33,0,1,0,0,0
499,40,1,60.2,1.88,183,141,61,1.22,946.0,25.2,3.0,3,2,17.03,1,0,0,0,2
500,49,0,49.2,1.54,179,153,63,1.28,881.0,30.7,2.1,3,2,20.75,0,1,0,0,2
501,54,0,46.6,1.5,175,165,58,1.38,1025.0,30.6,2.0,2,1,20.71,0,0,1,0,1
502,29,0,68.7,1.72,171,168,62,1.08,907.0,29.8,1.7,4,2,23.22,1,0,0,0,2
503,30,0,60.6,1.55,172,120,52,1.3,780.0,32.9,1.6,3,2,25.22,0,0,1,0,2
504,40,1,52.1,1.61,198,128,70,0.87,612.0,21.3,3.3,2,1,20.1,0,1,0,0,1
505,42,0,46.6,1.77,184,139,63,0.61,382.0,28.1,2.6,2,1,14.87,0,0,0,1,1
506,52,1,65.5,1.74,191,138,70,1.48,1011.0,26.2,2.8,4,2,21.63,0,0,1,0,2
507,58,0,44.2,1.57,183,155,59,1.08,753.0,31.9,2.3,3,1,17.93,0,1,0,0,1
508,47,1,89.1,1.84,168,159,65,1.44,1133.0,24.0,3.6,3,2,26.32,0,0,0,1,3
509,34,1,65.9,1.62,199,164,56,0.81,731.0,28.8,2.2,2,1,25.11,0,0,0,1,1
510,37,0,55.6,1.57,182,123,53,0.97,597.0,29.2,2.4,2,1,22.56,1,0,0,0,1
511,42,1,63.7,1.98,172,128,69,1.37,868.0,24.0,3.0,2,1,16.25,0,0,0,1,1
512,39,1,86.2,1.82,191,160,72,1.96,1725.0,10.2,3.5,5,3,26.02,0,0,1,0,0
513,30,0,59.2,1.63,174,141,74,1.85,1304.0,17.8,2.7,4,3,22.28,0,0,1,0,0
514,36,1,85.4,1.88,195,137,60,1.98,1492.0,13.5,3.5,5,3,24.16,0,0,0,1,0
515,53,0,68.1,1.55,164,131,65,1.41,831.0,26.1,2.2,4,2,28.35,0,1,0,0,2
516,29,0,60.0,1.62,181,161,69,0.85,684.0,28.1,1.9,2,1,22.86,0,0,1,0,1
517,58,0,74.8,1.69,175,162,53,1.28,933.0,32.8,2.3,4,2,26.19,0,0,1,0,2
518,36,1,90.3,1.65,169,158,71,1.38,1199.0,23.7,3.4,4,2,33.17,1,0,0,0,3
519,29,1,86.1,1.65,183,128,71,1.66,1169.0,11.2,3.5,4,3,31.63,0,1,0,0,0
520,26,1,73.7,1.66,177,125,72,0.93,639.0,26.7,2.2,2,1,26.75,0,0,0,1,1
521,24,0,67.7,1.56,177,138,66,1.42,980.0,27.0,2.1,3,2,27.82,0,1,0,0,2
522,45,1,78.3,1.96,166,167,62,1.29,1066.0,29.0,2.2,3,1,20.38,1,0,0,0,1
523,31,0,48.2,1.65,163,166,60,1.1,913.0,26.1,2.5,2,1,17.7,1,0,0,0,1
524,48,0,56.8,1.51,185,126,52,1.37,777.0,32.1,2.1,4,2,24.91,0,1,0,0,2
525,36,1,112.4,1.63,164,135,58,1.02,757.0,25.0,3.4,4,2,42.3,1,0,0,0,3
526,33,0,59.0,1.67,175,124,55,0.9,558.0,33.7,1.9,3,1,21.16,1,0,0,0,1
527,22,1,98.4,1.88,194,135,71,0.52,386.0,21.3,2.2,2,1,27.84,1,0,0,0,3
528,52,1,66.5,1.6,185,120,70,1.34,796.0,26.8,2.1,4,2,25.98,0,1,0,0,2
529,29,1,106.5,1.81,177,156,60,1.29,1107.0,25.7,2.5,4,2,32.51,1,0,0,0,3
530,42,1,88.4,1.93,188,158,65,1.68,1314.0,12.4,3.5,4,3,23.73,0,0,0,1,0
531,38,1,88.4,1.79,182,138,68,1.74,1321.0,12.5,3.5,5,3,27.59,0,0,0,1,0
532,53,0,53.3,1.74,173,156,54,1.37,962.0,32.2,1.8,3,2,17.6,0,0,1,0,2
533,40,0,58.1,1.56,174,136,63,0.61,415.0,34.4,2.2,2,1,23.87,0,0,0,1,1
534,33,0,74.2,1.76,192,145,66,1.15,834.0,25.9,1.5,4,2,23.95,0,0,1,0,2
535,56,1,84.6,1.63,184,141,52,1.01,705.0,20.2,2.9,4,2,31.84,0,1,0,0,2
536,59,1,78.0,1.92,180,127,53,0.72,453.0,28.1,2.7,3,1,21.16,1,0,0,0,1
537,56,1,89.0,1.68,176,152,65,1.77,1332.0,10.5,3.5,5,3,31.53,0,0,0,1,0
538,31,0,42.7,1.76,182,121,65,1.46,883.0,34.9,2.2,3,1,13.78,0,0,1,0,1
539,48,1,83.9,1.82,176,149,70,1.9,1401.0,13.1,3.5,5,3,25.33,0,1,0,0,0
540,22,0,78.7,1.52,173,166,74,1.45,1204.0,31.5,2.3,3,2,34.06,0,0,1,0,2
541,52,0,65.9,1.52,188,139,53,1.27,794.0,27.0,2.3,4,2,28.52,1,0,0,0,2
542,40,1,76.9,1.92,179,137,68,1.13,851.0,22.4,3.7,4,2,20.86,0,0,0,1,2
543,46,1,84.3,2.0,189,162,66,1.83,1467.0,13.3,3.5,5,3,21.07,0,1,0,0,0
544,28,0,62.4,1.6,178,129,62,1.1,710.0,34.1,1.7,3,2,24.37,0,0,1,0,2
545,35,1,63.7,1.74,198,143,71,1.03,810.0,29.8,2.7,4,2,21.04,0,1,0,0,2
546,29,0,54.9,1.52,172,123,72,1.48,910.0,27.0,2.0,3,1,23.76,0,0,1,0,1
547,26,1,76.4,1.79,177,156,73,1.17,1004.0,21.3,2.7,3,2,23.84,0,0,1,0,2
548,27,1,106.4,1.86,182,123,50,1.34,907.0,20.6,3.1,2,1,30.76,1,0,0,0,3
549,34,0,68.4,1.5,192,132,61,1.37,904.0,33.7,2.1,4,2,30.4,1,0,0,0,2
550,55,1,63.5,1.86,198,144,53,1.36,969.0,22.9,2.9,4,2,18.35,0,0,1,0,2
551,24,0,59.4,1.5,199,132,60,1.25,825.0,25.0,2.0,3,2,26.4,0,0,0,1,2
552,30,1,113.4,1.91,177,137,54,1.27,957.0,22.2,3.7,3,1,31.08,0,1,0,0,3
553,57,0,61.9,1.52,168,143,51,0.92,592.0,28.4,2.6,3,1,26.79,0,1,0,0,1
554,59,0,70.7,1.68,192,121,66,1.17,637.0,34.9,1.9,3,2,25.05,1,0,0,0,2
555,26,1,111.5,1.9,191,167,57,1.02,937.0,25.2,2.2,2,1,30.89,0,0,0,1,3
556,44,0,72.1,1.66,176,152,55,1.4,958.0,27.0,2.5,2,1,26.16,0,0,1,0,1
557,19,1,56.9,1.87,178,138,70,0.61,463.0,23.3,3.7,3,1,16.27,1,0,0,0,1
558,22,1,86.2,1.9,186,128,58,1.91,1345.0,11.7,3.5,5,3,23.88,0,0,1,0,0
559,46,1,59.4,1.68,165,147,62,1.16,844.0,20.2,2.5,4,2,21.05,0,0,1,0,2
560,54,0,75.6,1.72,194,154,60,0.97,672.0,26.4,1.9,3,1,25.55,1,0,0,0,1
561,55,0,76.3,1.73,196,158,65,1.08,768.0,32.0,2.6,3,1,25.49,0,0,0,1,1
562,36,1,95.8,1.86,193,129,65,1.37,972.0,21.2,3.2,3,1,27.69,0,1,0,0,3
563,25,1,120.6,1.83,179,120,51,1.04,686.0,22.3,2.5,3,2,36.01,1,0,0,0,3
564,18,0,65.3,1.55,184,161,59,1.42,1143.0,28.5,2.2,3,2,27.18,0,0,0,1,2
565,39,1,85.3,1.89,163,140,61,0.77,593.0,27.6,3.6,2,1,23.88,0,0,1,0,1
566,34,1,68.0,1.68,169,128,57,0.67,472.0,25.8,3.4,2,1,24.09,1,0,0,0,1
567,24,0,52.6,1.57,169,166,60,1.29,1071.0,31.9,2.4,2,1,21.34,0,1,0,0,1
568,42,1,63.3,1.77,183,134,59,1.32,876.0,25.7,3.3,3,2,20.2,0,1,0,0,2
569,21,0,76.3,1.65,180,154,62,1.14,878.0,31.8,1.7,3,2,28.03,0,0,1,0,2
570,53,1,61.0,1.63,170,124,74,0.54,331.0,20.0,3.4,3,1,22.96,1,0,0,0,1
571,23,0,67.8,1.61,186,160,66,1.34,1072.0,34.3,1.8,2,1,26.16,0,1,0,0,1
572,48,1,114.9,1.86,175,141,56,1.36,949.0,21.1,3.6,3,1,33.21,1,0,0,0,3
573,36,1,88.0,1.71,185,160,73,1.87,1646.0,12.0,3.5,5,3,30.09,0,1,0,0,0
574,56,0,67.7,1.58,189,142,52,1.45,927.0,32.7,1.9,2,1,27.12,0,0,1,0,1
575,44,1,124.8,1.85,175,126,69,1.35,842.0,24.4,3.5,4,2,36.46,0,0,1,0,3
576,27,0,53.0,1.58,166,142,62,1.26,895.0,34.5,1.8,4,2,21.23,1,0,0,0,2
577,43,1,61.2,1.88,175,163,68,1.03,831.0,24.7,2.9,3,1,17.32,0,0,0,1,1
578,36,0,48.7,1.68,194,144,56,1.23,886.0,33.7,1.6,3,1,17.25,0,0,0,1,1
579,56,0,50.6,1.7,175,146,58,1.29,848.0,33.1,2.3,2,1,17.51,0,0,1,0,1
580,20,0,72.6,1.73,199,160,68,1.27,1016.0,34.8,2.5,3,2,24.26,0,1,0,0,2
581,30,0,70.4,1.56,171,125,62,1.03,644.0,34.3,2.4,4,2,28.93,0,0,0,1,2
582,45,1,52.5,1.88,194,153,71,1.08,818.0,29.0,2.9,4,2,14.85,0,0,1,0,2
583,37,1,76.3,1.77,180,128,57,1.36,957.0,27.3,2.1,4,2,24.35,0,1,0,0,2
584,45,0,41.2,1.58,195,168,71,1.47,1111.0,28.7,2.6,2,1,16.5,0,1,0,0,1
585,25,0,55.3,1.76,176,152,67,1.56,1186.0,15.5,2.7,4,3,17.85,0,0,0,1,0
586,58,0,49.7,1.67,191,125,72,1.38,776.0,31.9,2.3,4,2,17.82,0,0,1,0,2
587,56,1,48.3,1.87,165,156,51,0.68,525.0,29.8,3.3,3,1,13.81,0,1,0,0,1
588,18,1,83.2,1.96,183,150,67,1.83,1510.0,13.6,3.5,4,3,21.66,0,1,0,0,0
589,20,1,120.5,1.73,186,153,67,1.01,850.0,29.3,3.4,3,2,40.26,1,0,0,0,3
590,30,1,121.6,2.0,179,160,60,1.24,1091.0,28.0,3.3,4,2,30.4,1,0,0,0,3
591,45,0,73.0,1.75,184,148,50,1.14,759.0,26.6,2.0,4,2,23.84,0,0,0,1,2
592,42,0,57.5,1.67,161,133,63,1.76,1053.0,16.2,2.7,5,3,20.62,1,0,0,0,0
593,50,0,42.7,1.53,168,155,65,1.41,983.0,28.4,2.4,4,2,18.24,0,0,1,0,2
594,55,1,129.9,1.73,187,155,60,0.69,529.0,21.7,3.1,3,1,43.4,0,0,0,1,3
595,23,1,108.6,1.92,197,134,50,0.89,656.0,25.8,3.5,2,1,29.46,0,0,0,1,3
596,49,1,88.6,2.0,162,127,56,1.83,1150.0,14.9,3.5,4,3,22.15,1,0,0,0,0
597,38,0,49.7,1.51,179,145,65,1.25,906.0,32.6,2.5,3,1,21.8,0,1,0,0,1
598,33,0,56.4,1.54,165,155,63,1.06,822.0,29.2,1.5,3,1,23.78,0,0,1,0,1
599,38,1,46.9,1.74,198,167,64,1.03,946.0,20.0,2.6,4,2,15.49,0,0,1,0,2
600,28,0,71.3,1.67,192,140,63,1.46,1022.0,28.1,1.5,4,2,25.57,0,0,1,0,2
601,54,1,71.6,1.86,160,147,70,1.14,830.0,25.3,2.2,3,2,20.7,0,0,0,1,2
602,53,1,82.3,1.61,196,123,60,1.87,1139.0,11.6,3.5,5,3,31.75,0,0,1,0,0
603,52,0,70.6,1.69,165,135,65,1.36,826.0,26.1,2.2,3,1,24.72,0,1,0,0,1
604,36,1,109.8,1.62,193,141,68,0.84,651.0,24.4,3.5,3,1,41.84,0,1,0,0,3
605,37,0,73.5,1.69,174,131,66,0.54,354.0,27.5,1.6,2,1,25.73,1,0,0,0,1
606,35,1,85.6,1.85,185,135,55,1.78,1322.0,14.5,3.5,5,3,25.01,0,0,1,0,0
607,58,0,74.6,1.68,173,159,60,1.03,737.0,26.0,2.0,4,2,26.43,0,0,0,1,2
608,31,0,63.2,1.8,166,157,66,0.59,463.0,25.5,2.6,2,1,19.51,1,0,0,0,1
609,32,0,62.6,1.63,190,161,58,1.67,1344.0,15.0,2.7,5,3,23.56,0,1,0,0,0
610,48,1,87.1,1.76,183,156,67,1.81,1398.0,11.6,3.5,5,3,28.12,0,0,1,0,0
611,18,1,82.3,1.84,190,148,66,1.73,1408.0,13.3,3.5,5,3,24.31,0,1,0,0,0
612,20,0,64.3,1.78,188,137,61,1.71,1171.0,18.7,2.7,4,3,20.29,1,0,0,0,0
613,33,0,53.7,1.66,191,129,72,1.25,806.0,29.5,2.5,3,1,19.49,0,1,0,0,1
614,40,1,63.0,2.0,176,161,71,1.42,1257.0,26.8,2.9,4,2,15.75,0,0,1,0,2
615,28,1,128.4,1.86,173,158,71,1.06,921.0,23.6,3.3,4,2,37.11,0,0,1,0,3
616,29,1,88.0,1.89,199,137,54,1.75,1319.0,13.3,3.5,5,3,24.64,1,0,0,0,0
617,27,0,63.7,1.52,195,120,60,1.19,714.0,25.4,2.1,4,2,27.57,0,0,1,0,2
618,49,1,83.7,1.87,183,158,53,1.29,1009.0,23.9,2.3,4,2,23.94,0,1,0,0,2
619,33,1,102.6,1.75,186,140,53,1.4,1078.0,27.9,2.2,3,2,33.5,0,1,0,0,3
620,25,0,77.7,1.55,184,120,52,0.55,330.0,33.0,1.7,2,1,32.34,0,0,0,1,1
621,55,1,87.5,1.88,191,134,73,1.19,789.0,27.2,2.6,4,2,24.76,0,0,0,1,2
622,29,1,87.0,1.86,177,123,72,1.52,1028.0,11.0,3.5,4,3,25.15,0,0,0,1,0
623,41,1,82.8,1.66,177,139,74,1.97,1355.0,11.2,3.5,5,3,30.05,0,1,0,0,0
624,45,0,65.4,1.68,196,129,66,0.76,441.0,35.0,2.6,3,1,23.17,0,1,0,0,1
625,25,0,47.2,1.71,185,142,56,0.89,632.0,26.0,2.5,2,1,16.14,1,0,0,0,1
626,45,0,58.2,1.7,168,160,53,0.95,684.0,26.8,2.0,3,1,20.14,0,0,0,1,1
627,53,0,73.5,1.55,194,153,72,1.17,806.0,26.3,2.1,4,2,30.59,0,1,0,0,2
628,43,0,55.2,1.73,167,165,62,1.67,1240.0,16.6,2.7,5,3,18.44,1,0,0,0,0
629,25,0,64.4,1.71,179,167,61,1.12,935.0,27.1,1.8,3,1,22.02,0,1,0,0,1
630,45,0,73.5,1.74,181,152,50,1.18,807.0,30.0,2.3,4,2,24.28,1,0,0,0,2
631,45,1,89.6,1.81,178,153,70,1.7,1287.0,12.4,3.5,5,3,27.35,0,0,0,1,0
632,54,1,86.5,1.76,189,158,68,1.48,1158.0,29.0,3.4,3,2,27.92,0,0,0,1,2
633,58,0,46.1,1.67,187,129,70,1.28,743.0,25.3,1.8,4,2,16.53,0,0,0,1,2
634,53,1,68.5,1.97,194,139,69,1.3,894.0,23.2,2.1,3,2,17.65,0,1,0,0,2
635,44,1,94.6,1.84,170,120,67,1.26,748.0,26.0,3.1,4,2,27.94,0,1,0,0,3
636,34,0,54.2,1.52,190,132,60,1.13,746.0,31.0,2.2,3,1,23.46,1,0,0,0,1
637,26,1,47.7,1.77,198,120,69,1.15,759.0,24.8,2.7,3,2,15.23,0,0,1,0,2
638,50,1,52.2,1.84,195,124,52,1.38,847.0,28.2,3.1,4,2,15.42,0,0,1,0,2
639,37,1,88.8,1.95,189,135,66,1.58,1173.0,10.3,3.5,5,3,23.35,0,0,0,1,0
640,30,1,101.0,1.68,182,134,61,1.46,1076.0,28.2,2.9,4,2,35.79,0,0,1,0,3
641,45,1,118.4,1.95,178,168,59,1.06,881.0,24.9,2.4,3,2,31.14,0,0,0,1,3
642,46,0,47.9,1.72,171,147,57,1.41,933.0,26.3,2.0,3,1,16.19,1,0,0,0,1
643,30,0,51.5,1.74,174,150,64,1.08,810.0,33.9,2.0,3,2,17.01,0,0,1,0,2
644,52,0,79.9,1.51,190,142,54,0.75,479.0,31.5,2.6,3,1,35.04,0,0,1,0,1
645,23,1,121.3,1.85,196,167,53,0.72,661.0,21.6,3.6,2,1,35.44,0,0,0,1,3
646,35,0,78.9,1.64,196,164,70,1.28,1050.0,25.3,2.6,4,2,29.34,1,0,0,0,2
647,22,1,88.5,1.62,174,162,69,1.88,1675.0,10.7,3.5,5,3,33.72,0,0,1,0,0
648,42,1,73.5,1.63,188,136,68,0.52,350.0,26.1,3.2,3,1,27.66,0,0,1,0,1
649,19,1,127.9,1.93,185,168,70,1.27,1173.0,21.8,3.0,4,2,34.34,0,0,1,0,3
650,27,1,88.5,1.98,161,153,53,1.8,1515.0,11.1,3.5,4,3,22.57,1,0,0,0,0
651,47,0,43.4,1.62,179,132,64,0.51,303.0,25.3,2.3,3,1,16.54,1,0,0,0,1
652,22,0,42.8,1.56,174,133,66,1.47,978.0,32.2,2.6,3,2,17.59,0,0,1,0,2
653,50,1,64.5,1.79,163,130,61,1.17,753.0,28.1,2.4,4,2,20.13,0,0,0,1,2
654,18,0,50.7,1.53,181,147,52,1.29,948.0,33.0,2.1,3,2,21.66,0,0,0,1,2
655,35,1,59.2,1.66,197,161,59,1.3,1151.0,21.3,3.2,3,1,21.48,0,0,1,0,1
656,49,0,78.9,1.73,182,151,64,1.38,938.0,34.0,2.3,2,1,26.36,1,0,0,0,1
657,28,0,78.7,1.63,185,154,59,1.1,847.0,31.7,1.8,3,2,29.62,0,0,1,0,2
658,38,1,68.7,1.92,170,150,73,1.31,1081.0,29.0,3.0,4,2,18.64,1,0,0,0,2
659,43,0,53.1,1.59,187,136,72,0.82,502.0,29.5,2.5,2,1,21.0,0,0,1,0,1
660,42,1,64.8,1.65,161,166,67,1.1,904.0,24.4,2.8,3,2,23.8,1,0,0,0,2
661,39,0,50.3,1.61,167,128,50,1.17,749.0,32.8,2.5,2,1,19.41,0,1,0,0,1
662,44,1,102.3,1.63,188,129,52,1.34,856.0,20.9,2.6,4,2,38.5,0,0,0,1,3
663,30,1,62.9,1.92,170,127,70,1.13,789.0,25.2,3.6,2,1,17.06,0,1,0,0,1
664,50,0,56.5,1.6,196,140,61,1.88,1184.0,19.2,2.7,5,3,22.07,0,0,0,1,0
665,51,0,74.6,1.55,177,132,50,0.71,422.0,33.3,2.1,2,1,31.05,1,0,0,0,1
666,58,1,52.0,1.79,173,169,52,1.12,937.0,29.6,3.0,3,1,16.23,0,1,0,0,1
667,52,0,52.1,1.67,169,124,52,1.5,837.0,32.0,1.5,2,1,18.68,0,0,0,1,1
668,18,0,72.2,1.54,194,125,54,0.97,606.0,27.1,1.7,2,1,30.44,0,0,1,0,1
669,38,1,85.8,1.8,168,149,68,1.72,1410.0,10.1,3.5,4,3,26.48,1,0,0,0,0
670,23,1,81.4,1.85,194,150,74,1.6,1320.0,12.4,3.5,4,3,23.78,1,0,0,0,0
671,45,0,50.9,1.65,170,136,50,1.45,887.0,30.1,2.3,2,1,18.7,0,0,1,0,1
672,34,1,52.0,1.78,171,130,53,1.38,987.0,22.4,2.7,4,2,16.41,0,0,1,0,2
673,22,1,71.0,1.93,162,139,53,1.42,1086.0,21.2,2.9,4,2,19.06,0,0,0,1,2
674,48,1,80.6,1.77,198,167,66,1.51,1248.0,12.9,3.5,4,3,25.73,1,0,0,0,0
675,22,0,58.3,1.72,173,128,63,1.0,640.0,32.6,1.6,3,2,19.71,0,0,0,1,2
676,55,0,63.0,1.7,187,121,67,1.32,719.0,34.9,2.5,3,1,21.8,0,0,1,0,1
677,20,1,111.0,1.94,170,156,50,1.02,875.0,27.6,3.3,4,2,29.49,1,0,0,0,3
678,40,0,52.6,1.66,198,120,71,1.27,762.0,32.9,1.7,3,2,19.09,0,0,1,0,2
679,54,1,116.4,2.0,184,123,65,1.13,688.0,26.2,3.1,3,1,29.1,0,0,0,1,3
680,54,0,75.6,1.61,180,155,52,1.41,983.0,34.9,2.5,4,2,29.17,0,0,0,1,2
681,27,1,61.6,1.8,169,144,72,1.48,1172.0,26.4,3.1,2,1,19.01,0,0,0,1,1
682,27,1,108.0,1.8,174,122,70,1.38,926.0,28.6,2.5,4,2,33.33,1,0,0,0,3
683,36,0,59.3,1.75,178,128,58,0.99,634.0,34.5,2.3,3,1,19.36,0,0,1,0,1
684,34,1,75.7,1.94,181,141,72,1.18,915.0,29.3,2.4,4,2,20.11,0,0,1,0,2
685,38,0,56.3,1.6,180,142,53,1.21,859.0,28.8,1.9,4,2,21.99,0,0,0,1,2
686,31,0,58.2,1.73,191,131,70,1.17,766.0,25.8,1.8,3,2,19.45,0,0,0,1,2
687,26,1,55.7,1.68,182,129,54,1.13,802.0,21.7,2.9,3,1,19.73,0,0,0,1,1
688,18,1,125.9,1.67,172,153,60,1.46,1229.0,20.6,2.2,3,2,45.14,0,0,0,1,3
689,30,0,62.7,1.67,164,162,70,1.02,826.0,26.1,2.6,4,2,22.48,0,1,0,0,2
690,21,1,86.6,1.86,163,129,58,1.37,972.0,21.8,2.6,3,2,25.03,0,1,0,0,3
691,18,1,64.5,1.82,187,149,52,1.2,983.0,23.4,2.4,3,2,19.47,0,1,0,0,2
692,57,1,76.6,1.86,173,141,55,1.14,796.0,25.4,2.8,4,2,22.14,0,0,0,1,2
693,49,1,81.4,1.83,167,125,73,1.98,1225.0,13.6,3.5,5,3,24.31,0,0,0,1,0
694,51,1,60.7,1.71,168,169,60,1.14,954.0,22.1,2.5,2,1,20.76,0,0,1,0,1
695,45,0,57.2,1.55,194,121,58,1.67,909.0,18.4,2.7,5,3,23.81,1,0,0,0,0
696,48,0,73.0,1.59,196,149,64,1.19,798.0,32.0,2.1,3,2,28.88,0,0,1,0,2
697,25,1,123.8,1.99,180,121,72,1.13,752.0,25.6,2.6,3,1,31.26,0,1,0,0,3
698,56,1,93.6,1.66,177,151,52,1.37,1024.0,29.0,2.2,2,1,33.97,0,0,1,0,3
699,43,1,76.8,1.92,192,161,50,1.24,988.0,21.1,2.5,3,1,20.83,0,0,0,1,1
700,51,0,54.7,1.53,167,135,69,1.11,674.0,26.8,2.0,4,2,23.37,0,1,0,0,2
701,20,1,92.3,1.94,176,131,71,1.14,821.0,24.3,2.1,3,2,24.52,0,1,0,0,3
702,29,0,71.8,1.55,190,120,68,1.2,720.0,26.3,2.4,4,2,29.89,1,0,0,0,2
703,18,0,66.9,1.57,193,127,63,1.07,679.0,30.7,2.2,3,2,27.14,1,0,0,0,2
704,22,0,48.7,1.76,165,167,66,1.37,1144.0,29.0,2.2,4,2,15.72,0,1,0,0,2
705,47,1,66.2,1.71,181,169,71,1.42,1188.0,22.8,2.9,3,1,22.64,0,1,0,0,1
706,47,0,40.0,1.76,173,132,63,0.8,475.0,26.7,2.2,3,1,12.91,0,0,1,0,1
707,34,1,112.4,1.85,162,134,66,1.18,870.0,23.4,3.6,4,2,32.84,0,1,0,0,3
708,40,0,70.0,1.55,171,163,74,0.85,693.0,31.1,1.5,3,1,29.14,0,0,0,1,1
709,32,1,84.0,1.74,195,127,63,1.45,1013.0,25.8,2.1,3,1,27.74,0,0,1,0,1
710,54,0,43.8,1.65,171,129,61,1.29,749.0,26.6,1.7,4,2,16.09,0,0,0,1,2
711,38,1,123.3,1.62,161,165,65,1.34,1216.0,21.2,2.3,4,2,46.98,0,0,0,1,3
712,31,0,57.9,1.56,161,124,50,1.8,1116.0,15.1,2.7,5,3,23.79,0,0,0,1,0
713,19,1,82.4,1.96,174,169,62,1.9,1766.0,10.1,3.5,5,3,21.45,0,1,0,0,0
714,28,1,84.8,1.79,182,138,55,1.35,1025.0,28.8,2.3,4,2,26.47,1,0,0,0,2
715,56,1,109.6,1.66,188,166,66,1.29,1060.0,20.5,3.1,3,2,39.77,1,0,0,0,3
716,55,1,86.4,1.77,176,157,61,1.0,777.0,27.3,2.8,3,2,27.58,0,0,0,1,2
717,51,0,63.9,1.8,191,130,72,1.07,626.0,33.7,2.7,4,2,19.72,0,1,0,0,2
718,55,0,70.8,1.62,166,162,68,0.54,394.0,26.0,1.8,3,1,26.98,0,0,1,0,1
719,51,1,115.3,1.67,189,139,55,1.38,950.0,24.4,2.5,3,2,41.34,0,0,0,1,3
720,35,0,55.3,1.56,187,139,56,1.71,1188.0,19.8,2.7,5,3,22.72,0,0,1,0,0
721,47,1,73.9,1.8,173,140,50,1.36,942.0,28.3,3.7,3,1,22.81,0,0,1,0,1
722,32,1,97.3,1.96,189,137,50,1.36,1025.0,24.9,3.4,3,2,25.33,0,1,0,0,3
723,44,0,60.4,1.65,176,169,54,1.27,966.0,32.6,2.1,4,2,22.19,0,1,0,0,2
724,51,1,49.3,1.61,191,129,55,1.36,868.0,28.3,2.9,2,1,19.02,1,0,0,0,1
725,55,1,91.8,1.78,165,153,65,1.44,1091.0,23.5,3.4,3,1,28.97,1,0,0,0,3
726,50,0,73.6,1.55,183,145,74,0.89,581.0,33.9,2.1,3,1,30.63,0,1,0,0,1
727,41,1,47.1,1.78,165,149,65,1.26,929.0,24.7,2.4,3,1,14.87,0,0,0,1,1
728,32,1,65.2,1.62,186,128,63,0.58,408.0,25.3,3.4,2,1,24.84,1,0,0,0,1
729,47,1,87.2,1.64,177,165,50,2.0,1634.0,15.0,3.5,4,3,32.42,0,0,1,0,0
730,59,1,96.7,1.71,183,150,62,0.57,423.0,28.4,2.9,3,1,33.07,0,0,0,1,3
731,34,0,46.9,1.61,196,161,69,1.02,821.0,28.6,1.7,3,2,18.09,0,0,1,0,2
732,22,0,72.1,1.62,183,123,59,1.38,849.0,25.1,2.1,3,1,27.47,0,1,0,0,1
733,46,0,62.5,1.54,197,125,73,1.61,906.0,18.1,2.7,4,3,26.35,0,0,1,0,0
734,21,1,110.7,1.69,193,133,59,1.06,775.0,27.0,2.7,3,1,38.76,0,0,0,1,3
735,27,1,102.6,1.83,199,123,58,1.41,954.0,26.5,3.5,3,2,30.64,0,1,0,0,3
736,34,0,64.3,1.62,174,145,62,1.76,1276.0,19.8,2.7,5,3,24.5,0,0,0,1,0
737,27,1,80.7,1.61,170,166,52,1.75,1598.0,14.3,3.5,4,3,31.13,0,0,1,0,0
738,34,1,115.3,1.81,181,167,67,1.36,1249.0,24.5,2.2,2,1,35.19,0,0,0,1,3
739,37,1,87.8,1.69,183,158,69,1.81,1573.0,10.3,3.5,5,3,30.74,0,1,0,0,0
740,41,1,74.3,1.61,160,136,51,1.06,714.0,24.8,3.5,4,2,28.66,0,0,1,0,2
741,22,0,78.5,1.7,177,138,66,1.36,938.0,31.9,2.1,4,2,27.16,0,0,1,0,2
742,51,0,77.3,1.58,171,168,68,0.97,733.0,31.1,2.0,2,1,30.96,1,0,0,0,1
743,23,0,64.5,1.7,187,125,72,0.51,319.0,30.4,1.7,2,1,22.32,1,0,0,0,1
744,19,1,72.0,1.94,199,148,62,1.17,952.0,24.7,3.2,3,2,19.13,0,0,0,1,2
745,30,0,77.9,1.77,166,130,62,1.41,916.0,27.9,2.6,4,2,24.87,1,0,0,0,2
746,28,0,69.6,1.58,182,135,50,1.49,1006.0,27.8,2.0,3,2,27.88,1,0,0,0,2
747,40,1,68.9,1.99,180,149,51,1.16,951.0,25.0,2.4,4,2,17.4,1,0,0,0,2
748,33,1,45.9,1.89,193,144,50,1.45,1148.0,21.6,2.9,3,2,12.85,1,0,0,0,2
749,48,0,68.2,1.69,170,159,73,0.75,537.0,28.4,2.5,3,1,23.88,0,1,0,0,1
750,28,0,79.6,1.59,181,130,54,1.49,968.0,28.2,1.5,3,2,31.49,0,1,0,0,2
751,33,0,53.6,1.52,194,126,73,1.02,643.0,30.9,2.3,2,1,23.2,1,0,0,0,1
752,25,0,57.7,1.58,188,145,52,1.36,986.0,25.7,2.2,3,2,23.11,0,0,0,1,2
753,21,1,74.2,1.93,187,141,56,1.32,1024.0,28.3,2.5,3,2,19.92,0,1,0,0,2
754,57,0,64.4,1.56,177,144,73,1.52,985.0,17.8,2.7,5,3,26.46,1,0,0,0,0
755,21,0,54.9,1.78,173,138,71,0.55,380.0,31.7,2.0,2,1,17.33,0,1,0,0,1
756,42,1,50.3,1.64,177,150,62,0.63,468.0,27.0,2.4,3,1,18.7,0,0,1,0,1
757,20,0,46.5,1.68,187,145,72,0.91,660.0,27.9,2.4,2,1,16.48,0,1,0,0,1
758,49,1,57.8,1.99,183,161,67,0.93,741.0,24.7,3.1,3,1,14.6,0,1,0,0,1
759,20,1,83.0,1.8,167,160,73,0.79,695.0,29.6,2.9,2,1,25.62,0,0,0,1,1
760,44,1,82.5,1.79,167,155,70,1.51,1159.0,13.8,3.5,5,3,25.75,0,1,0,0,0
761,46,0,66.5,1.73,163,142,56,1.11,709.0,34.7,2.0,3,1,22.22,0,0,0,1,1
762,49,0,70.2,1.67,186,166,50,0.93,695.0,32.5,1.8,3,1,25.17,0,0,1,0,1
763,36,1,121.9,1.93,195,132,54,1.49,1082.0,21.8,3.4,3,2,32.73,1,0,0,0,3
764,38,0,70.3,1.52,164,144,66,1.19,857.0,25.6,2.0,4,2,30.43,0,0,0,1,2
765,22,0,40.3,1.56,192,121,57,1.45,877.0,30.8,2.1,4,2,16.56,0,1,0,0,2
766,35,1,101.4,1.76,193,121,64,0.84,559.0,23.6,2.9,2,1,32.74,0,1,0,0,3
767,45,1,79.2,1.95,189,135,69,1.47,982.0,22.8,2.8,3,2,20.83,0,0,0,1,2
768,59,0,75.8,1.77,167,128,53,1.46,841.0,33.1,1.8,3,1,24.19,0,0,1,0,1
769,39,1,71.7,1.88,198,147,51,0.55,445.0,23.7,2.2,2,1,20.29,1,0,0,0,1
770,38,0,57.7,1.56,185,132,54,1.64,1082.0,16.6,2.7,5,3,23.71,0,1,0,0,0
771,23,0,47.4,1.6,196,154,50,0.76,585.0,33.5,1.6,3,1,18.52,0,0,1,0,1
772,18,0,57.2,1.75,193,160,74,1.29,1032.0,33.5,2.4,3,2,18.68,1,0,0,0,2
773,22,0,44.8,1.72,166,132,54,1.48,977.0,28.6,1.8,4,2,15.14,1,0,0,0,2
774,58,1,90.2,1.72,199,150,55,0.9,668.0,28.3,2.1,2,1,30.49,0,1,0,0,3
775,29,1,84.9,1.72,187,140,51,1.79,1378.0,14.3,3.5,4,3,28.7,0,0,0,1,0
776,43,1,95.7,1.77,198,151,50,1.08,807.0,24.2,3.4,3,1,30.55,0,1,0,0,3
777,51,1,59.0,1.65,198,153,53,1.22,924.0,20.7,2.3,3,2,21.67,0,1,0,0,2
778,31,0,60.5,1.77,187,127,56,1.72,1092.0,15.0,2.7,4,3,19.31,0,1,0,0,0
779,43,0,53.8,1.72,173,160,71,1.03,742.0,30.2,2.3,4,2,18.19,0,0,1,0,2
780,44,1,86.6,1.97,197,167,50,1.66,1372.0,11.7,3.5,5,3,22.31,0,0,0,1,0
781,26,0,72.8,1.67,163,121,50,1.37,829.0,35.0,1.9,2,1,26.1,0,0,1,0,1
782,43,0,66.3,1.77,177,157,57,1.48,1046.0,32.7,1.7,4,2,21.16,0,1,0,0,2
783,39,0,56.0,1.6,184,151,69,0.89,672.0,32.6,2.0,2,1,21.87,0,0,0,1,1
784,47,1,45.9,1.93,166,159,65,1.29,1015.0,29.6,2.0,3,2,12.32,1,0,0,0,2
785,34,1,88.0,1.64,197,147,70,1.9,1536.0,14.4,3.5,4,3,32.72,0,0,0,1,0
786,43,1,94.0,1.79,187,156,62,1.31,1012.0,23.2,3.4,2,1,29.34,0,1,0,0,3
787,53,0,44.7,1.79,164,160,72,1.34,965.0,26.7,2.1,3,2,13.95,0,0,0,1,2
788,18,1,63.2,1.63,162,120,73,0.66,436.0,27.5,2.2,3,1,23.79,1,0,0,0,1
789,25,1,95.6,1.9,190,160,72,1.47,1294.0,23.8,2.4,4,2,26.48,1,0,0,0,3
790,52,1,47.8,1.86,179,129,67,1.01,645.0,24.7,2.8,3,2,13.82,0,0,0,1,2
791,32,1,85.3,1.64,178,123,69,1.77,1197.0,13.2,3.5,4,3,31.71,1,0,0,0,0
792,39,1,59.7,1.83,170,154,59,1.35,1143.0,29.1,2.3,4,2,17.83,0,0,1,0,2
793,31,1,70.2,1.98,199,129,61,0.71,504.0,24.2,2.5,2,1,17.91,0,0,0,1,1
794,43,0,72.7,1.8,162,166,50,0.79,590.0,32.8,2.1,3,1,22.44,1,0,0,0,1
795,45,0,50.4,1.79,182,130,59,0.74,433.0,27.7,2.5,2,1,15.73,1,0,0,0,1
796,40,1,81.7,1.74,166,133,58,0.91,666.0,27.0,2.7,2,1,26.99,0,0,0,1,1
797,31,1,49.3,1.62,182,157,52,0.56,484.0,20.0,3.2,2,1,18.79,0,0,1,0,1
798,41,0,61.9,1.64,166,131,68,1.93,1138.0,19.4,2.7,4,3,23.01,0,0,0,1,0
799,19,0,49.1,1.68,193,164,58,1.42,1164.0,25.3,2.6,4,2,17.4,1,0,0,0,2
800,43,1,66.5,1.83,178,136,59,1.11,747.0,27.1,2.4,3,2,19.86,0,0,0,1,2
801,31,1,75.5,1.93,168,135,68,0.6,446.0,20.5,3.4,2,1,20.27,1,0,0,0,1
802,24,1,88.2,1.79,177,154,65,1.76,1491.0,11.3,3.5,4,3,27.53,0,1,0,0,0
803,20,1,74.8,1.75,184,121,73,1.33,885.0,25.0,3.3,3,2,24.42,0,0,0,1,2
804,40,0,72.2,1.6,173,130,67,0.87,566.0,29.2,1.9,3,1,28.2,0,0,0,1,1
805,35,1,62.8,1.63,184,160,63,1.41,1241.0,21.9,3.7,4,2,23.64,1,0,0,0,2
806,55,1,84.7,1.79,178,122,52,1.19,719.0,23.3,2.4,3,2,26.43,1,0,0,0,2
807,52,1,116.5,1.69,198,148,51,0.53,388.0,27.3,2.4,2,1,40.79,1,0,0,0,3
808,32,1,77.4,1.92,174,137,50,1.39,1047.0,26.7,3.3,3,2,21.0,1,0,0,0,2
809,42,0,72.9,1.62,175,139,67,1.17,732.0,25.7,2.0,4,2,27.78,0,0,0,1,2
810,54,0,58.4,1.59,186,166,73,1.08,807.0,32.5,1.9,2,1,23.1,1,0,0,0,1
811,45,0,64.3,1.54,199,133,58,1.67,999.0,15.3,2.7,4,3,27.11,0,0,0,1,0
812,27,1,89.3,1.87,169,153,62,1.62,1363.0,12.7,3.5,5,3,25.54,0,0,1,0,0
813,56,1,90.2,1.61,163,168,51,1.38,1148.0,22.6,2.3,3,2,34.8,0,0,0,1,3
814,34,0,59.0,1.62,178,150,56,1.13,847.0,30.9,2.4,4,2,22.48,1,0,0,0,2
815,56,1,58.7,1.86,187,159,65,1.09,858.0,22.6,3.3,3,2,16.97,1,0,0,0,2
816,39,1,127.5,1.82,180,161,70,1.26,1116.0,29.8,3.0,3,2,38.49,0,0,1,0,3
817,43,0,68.6,1.52,173,137,68,1.42,875.0,28.1,2.6,4,2,29.69,0,0,0,1,2
818,42,0,56.7,1.53,192,149,74,1.07,717.0,27.4,1.9,3,1,24.22,0,0,1,0,1
819,34,0,64.5,1.78,169,144,64,1.33,958.0,27.8,1.8,4,2,20.36,0,0,0,1,2
820,30,0,61.6,1.52,178,138,71,1.78,1228.0,19.5,2.7,4,3,26.66,1,0,0,0,0
821,37,1,75.1,1.82,189,127,60,1.23,859.0,26.4,3.2,4,2,22.67,0,0,0,1,2
822,42,1,79.3,1.93,181,147,50,1.22,888.0,27.3,3.3,2,1,21.29,1,0,0,0,1
823,21,0,72.6,1.68,162,127,70,1.19,756.0,34.2,1.8,3,2,25.72,1,0,0,0,2
824,27,1,76.7,1.7,196,150,56,0.96,792.0,29.1,2.1,3,1,26.54,0,1,0,0,1
825,20,0,44.2,1.61,177,122,69,1.08,659.0,32.4,2.5,2,1,17.05,0,1,0,0,1
826,58,0,56.5,1.7,170,122,57,0.74,406.0,27.0,2.7,2,1,19.55,0,0,0,1,1
827,35,1,100.9,1.63,161,163,59,1.1,986.0,28.4,3.1,2,1,37.98,1,0,0,0,3
828,53,0,55.8,1.55,171,141,54,1.12,711.0,27.0,1.8,4,2,23.23,0,0,1,0,2
829,39,1,58.3,1.93,165,136,58,1.35,1010.0,27.4,3.7,4,2,15.65,1,0,0,0,2
830,51,1,48.6,1.77,199,155,74,1.47,1128.0,26.9,3.5,2,1,15.51,0,0,1,0,1
831,25,1,81.7,1.95,188,136,74,1.94,1451.0,13.8,3.5,4,3,21.49,0,0,0,1,0
832,57,1,85.6,1.69,189,133,50,1.76,1159.0,12.7,3.5,5,3,29.97,0,0,0,1,0
833,36,0,60.0,1.72,161,128,51,1.63,1043.0,18.2,2.7,5,3,20.28,0,0,1,0,0
834,59,1,126.4,1.69,168,149,68,1.24,915.0,29.5,2.9,3,1,44.26,0,0,1,0,3
835,58,0,75.4,1.78,161,140,63,1.05,662.0,26.0,2.5,4,2,23.8,1,0,0,0,2
836,54,0,64.2,1.69,188,131,69,1.69,996.0,16.5,2.7,4,3,22.48,0,0,0,1,0
837,23,0,65.2,1.62,192,156,59,1.37,1069.0,31.1,2.5,3,2,24.84,1,0,0,0,2
838,43,0,70.1,1.66,169,151,58,0.99,673.0,34.6,2.6,2,1,25.44,0,0,1,0,1
839,51,1,102.6,1.77,193,130,59,1.21,779.0,21.0,3.4,2,1,32.75,0,1,0,0,3
840,23,1,107.2,1.93,167,139,55,1.15,879.0,20.2,3.1,4,2,28.78,0,1,0,0,3
841,54,0,56.5,1.75,196,154,66,1.76,1220.0,15.3,2.7,5,3,18.45,0,1,0,0,0
842,50,0,61.6,1.75,192,166,74,1.22,911.0,25.5,2.2,4,2,20.11,0,0,1,0,2
843,39,1,81.7,1.75,165,165,55,1.32,1198.0,29.1,2.8,4,2,26.68,1,0,0,0,2
844,38,0,76.6,1.58,199,130,53,0.74,481.0,32.2,2.3,2,1,30.68,0,0,0,1,1
845,23,1,116.8,1.79,178,127,69,1.0,698.0,26.8,3.4,4,2,36.45,0,0,1,0,3
846,23,0,60.1,1.59,191,123,52,1.8,1107.0,17.6,2.7,4,3,23.77,0,1,0,0,0
847,21,1,93.7,1.73,186,146,72,1.0,803.0,27.8,3.6,2,1,31.31,1,0,0,0,3
848,47,0,41.6,1.58,160,163,68,1.03,756.0,26.6,2.1,4,2,16.66,0,0,0,1,2
849,28,0,55.1,1.79,192,159,67,1.99,1582.0,17.0,2.7,5,3,17.2,0,0,0,1,0
850,47,1,127.1,1.76,199,157,73,0.71,552.0,24.9,3.0,2,1,41.03,0,0,1,0,3
851,48,0,69.1,1.6,191,166,53,1.34,1001.0,26.1,2.0,4,2,26.99,0,0,1,0,2
852,41,0,66.8,1.74,164,149,57,1.34,898.0,29.2,2.3,3,1,22.06,0,0,0,1,1
853,26,1,125.5,1.76,176,163,66,1.15,1031.0,23.2,3.1,4,2,40.52,0,0,0,1,3
854,20,0,71.3,1.58,167,167,54,1.07,893.0,25.4,1.5,3,2,28.56,0,1,0,0,2
855,48,1,129.2,1.61,193,167,62,1.06,876.0,21.4,2.9,4,2,49.84,0,0,0,1,3
856,57,1,96.3,1.86,168,146,74,1.1,795.0,27.6,2.2,3,2,27.84,0,0,1,0,3
857,54,0,67.5,1.54,182,140,50,0.72,454.0,25.2,1.5,3,1,28.46,1,0,0,0,1
858,53,0,64.4,1.55,194,139,62,1.77,1107.0,19.7,2.7,4,3,26.81,0,1,0,0,0
859,41,0,64.9,1.57,166,123,53,1.04,576.0,25.9,2.4,4,2,26.33,0,1,0,0,2
860,48,0,52.3,1.66,174,130,71,0.74,433.0,33.0,1.8,3,1,18.98,0,0,0,1,1
861,23,0,56.7,1.55,179,132,73,1.38,911.0,34.0,1.9,4,2,23.6,1,0,0,0,2
862,19,0,46.8,1.63,184,128,63,1.35,864.0,34.4,1.6,4,2,17.61,0,1,0,0,2
863,37,0,70.3,1.77,162,123,52,1.01,621.0,33.7,1.7,2,1,22.44,0,0,1,0,1
864,45,1,80.8,1.76,183,131,54,1.7,1102.0,11.4,3.5,4,3,26.08,0,0,0,1,0
865,28,0,56.0,1.5,193,128,56,1.94,1242.0,16.7,2.7,5,3,24.89,0,0,1,0,0
866,21,1,101.2,1.84,181,132,50,1.3,944.0,24.3,3.3,2,1,29.89,0,0,0,1,3
867,32,0,56.6,1.57,170,167,72,1.65,1378.0,15.7,2.7,4,3,22.96,0,1,0,0,0
868,23,0,40.9,1.75,167,145,61,0.82,594.0,25.2,2.1,3,1,13.36,0,0,0,1,1
869,47,1,127.8,1.65,198,157,60,0.77,598.0,28.7,3.5,2,1,46.94,1,0,0,0,3
870,55,0,49.3,1.76,194,161,73,1.28,927.0,30.5,2.0,2,1,15.92,0,0,1,0,1
871,19,0,64.3,1.63,197,132,57,1.87,1234.0,18.0,2.7,5,3,24.2,1,0,0,0,0
872,32,1,49.3,1.62,167,158,74,1.18,1025.0,29.3,2.5,3,2,18.79,0,0,1,0,2
873,28,0,63.0,1.62,196,147,55,0.68,500.0,31.7,1.9,2,1,24.01,0,0,1,0,1
874,25,0,41.1,1.67,186,138,71,1.03,711.0,31.9,2.4,3,2,14.74,0,0,0,1,2
875,43,0,40.5,1.74,187,143,51,1.5,965.0,32.9,2.2,3,2,13.38,0,1,0,0,2
876,22,1,71.0,1.62,199,138,68,0.91,691.0,21.2,3.5,2,1,27.05,0,1,0,0,1
877,23,0,60.9,1.62,193,168,69,1.59,1336.0,16.8,2.7,5,3,23.21,1,0,0,0,0
878,43,0,64.7,1.66,191,132,69,1.88,1117.0,19.8,2.7,4,3,23.48,0,0,0,1,0
879,21,0,51.0,1.71,174,132,73,1.07,706.0,34.2,2.2,3,2,17.44,0,1,0,0,2
880,36,0,57.7,1.77,176,147,63,1.65,1213.0,19.4,2.7,4,3,18.42,0,0,1,0,0
881,37,1,76.9,1.82,192,121,50,1.49,992.0,24.5,2.8,4,2,23.22,0,0,1,0,2
882,50,1,80.5,1.77,175,129,59,1.85,1181.0,14.3,3.5,4,3,25.7,0,0,0,1,0
883,37,0,73.3,1.74,188,141,65,1.03,726.0,25.5,2.4,3,2,24.21,1,0,0,0,2
884,29,0,49.0,1.57,168,132,53,1.33,878.0,26.5,2.6,3,2,19.88,0,0,0,1,2
885,18,1,114.5,1.97,192,128,60,1.03,725.0,24.1,2.6,3,1,29.5,1,0,0,0,3
886,43,1,81.0,1.78,188,152,65,1.58,1189.0,12.4,3.5,5,3,25.56,0,0,0,1,0
887,31,0,53.5,1.76,172,133,69,1.22,811.0,27.6,1.8,4,2,17.27,0,0,1,0,2
888,55,1,52.1,1.68,180,167,50,0.77,637.0,23.6,3.0,3,1,18.46,0,0,0,1,1
889,54,0,70.1,1.52,180,139,65,0.76,475.0,26.6,2.1,2,1,30.34,0,1,0,0,1
890,28,1,86.9,1.78,164,134,68,1.29,951.0,24.9,3.7,4,2,27.43,0,1,0,0,2
891,53,1,73.4,1.76,169,151,70,1.09,815.0,27.9,2.8,3,2,23.7,0,0,0,1,2
892,30,1,90.0,1.66,165,152,71,1.32,1104.0,26.6,2.1,4,2,32.66,1,0,0,0,3
893,20,1,85.7,1.92,172,136,58,1.72,1287.0,10.5,3.5,5,3,23.25,1,0,0,0,0
894,50,0,70.4,1.55,160,143,58,0.73,470.0,29.9,2.7,2,1,29.3,0,0,1,0,1
895,23,1,57.7,1.71,179,149,58,1.15,942.0,27.0,3.4,3,2,19.73,0,0,1,0,2
896,27,1,75.7,1.76,167,132,66,0.68,494.0,25.3,2.3,3,1,24.44,1,0,0,0,1
897,22,0,61.8,1.52,169,166,61,1.83,1519.0,17.0,2.7,5,3,26.75,0,0,0,1,0
898,40,1,80.3,1.76,168,167,74,1.63,1497.0,13.1,3.5,5,3,25.92,0,0,1,0,0
899,27,1,104.3,1.68,162,135,62,1.28,950.0,29.7,3.5,3,2,36.95,1,0,0,0,3
900,19,0,65.7,1.58,170,121,57,1.46,883.0,25.9,1.9,3,2,26.32,1,0,0,0,2
901,30,1,120.3,1.96,171,136,65,0.66,494.0,23.9,2.6,2,1,31.32,0,0,0,1,3
902,57,0,51.9,1.57,169,151,67,1.05,713.0,29.1,2.6,3,2,21.06,0,1,0,0,2
903,19,0,59.1,1.57,184,162,50,1.65,1336.0,17.9,2.7,5,3,23.98,1,0,0,0,0
904,37,0,66.9,1.75,184,127,50,1.38,876.0,26.5,2.1,4,2,21.84,0,0,1,0,2
905,18,0,66.9,1.75,170,122,61,0.94,573.0,26.8,1.7,2,1,21.84,0,0,0,1,1
906,54,1,78.7,1.66,195,131,55,1.42,921.0,22.9,2.6,3,2,28.56,0,0,0,1,2
907,26,0,62.4,1.61,198,139,58,1.88,1307.0,19.8,2.7,4,3,24.07,0,0,0,1,0
908,34,1,102.1,1.71,185,135,72,0.96,713.0,27.3,3.2,2,1,34.92,0,1,0,0,3
909,26,1,51.9,2.0,173,133,54,0.75,549.0,26.6,2.3,2,1,12.97,0,1,0,0,1
910,28,1,58.3,2.0,198,135,65,1.32,980.0,28.2,3.0,4,2,14.57,0,0,1,0,2
911,32,1,89.8,1.92,199,168,67,1.93,1783.0,10.6,3.5,4,3,24.36,0,0,1,0,0
912,41,1,101.1,1.83,160,162,66,0.79,634.0,28.6,3.2,2,1,30.19,0,0,0,1,3
913,55,1,118.6,1.72,163,168,67,0.77,640.0,25.9,2.6,3,1,40.09,0,0,1,0,3
914,52,1,84.8,1.85,189,152,50,1.19,895.0,23.4,3.2,2,1,24.78,1,0,0,0,1
915,47,1,80.0,1.77,171,149,68,0.72,531.0,28.2,3.5,3,1,25.54,0,1,0,0,1
916,48,1,73.1,1.83,194,131,71,1.05,681.0,28.0,2.8,4,2,21.83,0,0,0,1,2
917,22,1,117.3,1.68,172,134,57,1.24,914.0,28.5,2.7,3,2,41.56,0,0,0,1,3
918,31,0,77.4,1.71,190,137,52,1.26,863.0,26.2,1.8,4,2,26.47,1,0,0,0,2
919,28,0,72.9,1.67,197,147,74,1.13,831.0,34.7,2.2,3,2,26.14,1,0,0,0,2
920,26,0,71.2,1.5,182,142,54,1.15,816.0,34.6,2.6,2,1,31.64,1,0,0,0,1
921,51,1,88.2,1.62,163,133,72,1.56,1027.0,11.8,3.5,4,3,33.61,1,0,0,0,0
922,29,0,75.6,1.8,175,149,57,1.31,976.0,25.7,1.9,4,2,23.33,0,0,0,1,2
923,52,0,57.9,1.56,166,152,68,1.66,1135.0,15.8,2.7,4,3,23.79,0,1,0,0,0
924,52,0,70.6,1.58,181,164,67,1.02,753.0,34.9,2.0,3,2,28.28,0,1,0,0,2
925,18,1,118.6,1.64,188,134,67,0.94,693.0,25.6,2.7,3,1,44.1,1,0,0,0,3
926,57,1,55.7,1.99,170,126,70,1.13,705.0,23.6,3.0,3,2,14.07,0,0,1,0,2
927,39,1,102.3,1.94,192,134,50,0.89,656.0,22.9,2.4,3,1,27.18,0,0,0,1,3
928,46,1,72.6,1.87,188,161,64,1.31,1044.0,22.6,3.4,4,2,20.76,0,1,0,0,2
929,25,0,63.8,1.68,198,165,67,0.95,784.0,31.6,1.9,2,1,22.6,1,0,0,0,1
930,28,0,67.3,1.67,171,157,74,0.61,479.0,29.2,2.3,3,1,24.13,0,0,1,0,1
931,58,0,59.3,1.58,166,165,56,1.97,1463.0,19.8,2.7,4,3,23.75,0,0,1,0,0
932,54,0,70.7,1.57,198,163,65,1.14,836.0,31.8,2.1,3,1,28.68,1,0,0,0,1
933,31,1,86.9,1.69,185,130,65,1.72,1230.0,14.0,3.5,4,3,30.43,0,0,0,1,0
934,47,1,98.2,1.9,199,148,64,0.76,557.0,22.9,3.0,3,1,27.2,0,1,0,0,3
935,52,1,63.6,1.62,168,150,55,1.3,965.0,20.8,2.3,4,2,24.23,0,0,1,0,2
936,38,0,45.2,1.68,193,144,58,1.01,727.0,29.9,2.4,3,2,16.01,0,1,0,0,2
937,54,1,117.2,1.62,172,143,56,1.04,736.0,23.1,2.3,4,2,44.66,0,1,0,0,3
938,22,1,107.4,1.74,195,138,63,1.34,1017.0,22.0,2.2,2,1,35.47,0,0,1,0,3
939,36,0,59.1,1.78,184,121,60,0.85,514.0,34.5,2.2,2,1,18.65,1,0,0,0,1
940,31,0,53.3,1.64,183,141,70,0.57,402.0,29.4,2.4,3,1,19.82,0,0,1,0,1
941,43,1,46.2,1.63,176,139,65,1.18,812.0,21.7,2.1,2,1,17.39,0,0,1,0,1
942,21,1,67.0,1.61,161,152,74,1.32,1104.0,22.0,2.1,3,2,25.85,0,0,0,1,2
943,42,1,86.3,1.77,172,127,55,1.77,1113.0,11.4,3.5,4,3,27.55,0,1,0,0,0
944,59,1,85.5,1.67,190,144,71,1.99,1418.0,15.0,3.5,5,3,30.66,1,0,0,0,0
945,42,1,70.2,1.87,188,165,65,1.38,1127.0,22.7,3.4,3,2,20.07,0,1,0,0,2
946,35,1,127.1,1.62,187,128,69,1.02,718.0,23.3,3.4,4,2,48.43,0,0,1,0,3
947,57,0,75.6,1.67,186,153,65,1.05,723.0,31.6,1.8,3,2,27.11,1,0,0,0,2
948,25,0,62.6,1.65,174,142,61,1.2,852.0,27.9,2.2,3,1,22.99,1,0,0,0,1
949,56,0,55.7,1.53,190,124,66,1.91,1066.0,16.1,2.7,5,3,23.79,1,0,0,0,0
950,57,1,96.1,1.74,199,144,54,1.21,862.0,21.6,2.8,3,2,31.74,1,0,0,0,3
951,31,0,76.7,1.62,174,127,74,1.39,883.0,28.1,2.3,4,2,29.23,0,0,0,1,2
952,49,1,57.2,1.89,192,135,62,1.14,762.0,21.1,3.5,2,1,16.01,1,0,0,0,1
953,55,1,69.9,1.81,179,167,57,1.2,992.0,20.2,2.1,4,2,21.34,0,0,1,0,2
954,50,0,67.9,1.77,171,164,73,1.03,760.0,33.0,2.4,3,2,21.67,0,0,0,1,2
955,40,1,87.9,1.87,196,134,54,1.96,1445.0,10.7,3.5,5,3,25.14,0,0,1,0,0
956,32,1,102.8,1.98,168,120,61,1.24,818.0,27.8,2.8,3,2,26.22,0,0,1,0,3
957,50,0,51.8,1.5,182,141,58,1.32,838.0,33.0,2.2,3,1,23.02,0,1,0,0,1
958,42,0,57.7,1.57,167,122,52,1.83,1005.0,17.7,2.7,4,3,23.41,1,0,0,0,0
959,34,0,66.5,1.69,191,157,52,0.81,636.0,28.1,2.3,3,1,23.28,1,0,0,0,1
960,50,1,95.4,1.61,173,133,50,1.16,764.0,21.5,3.6,4,2,36.8,0,0,1,0,3
961,19,0,69.2,1.6,186,155,74,1.17,907.0,32.4,1.6,3,1,27.03,1,0,0,0,1
962,31,0,66.6,1.67,184,137,71,1.02,699.0,31.0,1.5,4,2,23.88,0,0,0,1,2
963,57,1,83.4,1.65,172,166,67,1.57,1290.0,13.3,3.5,4,3,30.63,0,1,0,0,0
964,57,0,43.8,1.75,180,160,73,1.39,1001.0,25.1,1.7,2,1,14.3,1,0,0,0,1
965,56,0,64.2,1.69,190,137,61,1.99,1227.0,19.6,2.7,5,3,22.48,1,0,0,0,0
966,23,0,44.1,1.62,196,122,58,0.58,354.0,25.7,2.7,2,1,16.8,0,0,0,1,1
967,23,1,87.3,1.91,164,129,58,1.87,1327.0,11.8,3.5,5,3,23.93,0,1,0,0,0
968,20,1,55.0,1.6,172,168,67,1.12,1035.0,24.0,3.2,4,2,21.48,0,0,0,1,2
969,24,1,87.1,1.74,187,158,67,1.57,1364.0,10.0,3.5,4,3,28.77,0,0,1,0,0
970,25,1,66.6,1.61,184,166,56,1.38,1260.0,25.0,3.0,2,1,25.69,0,0,1,0,1
971,59,0,60.4,1.76,194,120,53,1.72,929.0,18.8,2.7,5,3,19.5,1,0,0,0,0
972,32,1,126.4,1.83,198,146,62,1.1,883.0,28.2,2.1,3,2,37.74,0,1,0,0,3
973,46,1,88.7,1.63,166,146,66,0.75,542.0,28.8,3.5,2,1,33.38,0,0,1,0,3
